{
"type": "FeatureCollection",
"name": "cadastral_non_parcels",
"crs": { "type": "name", "properties": { "name": "urn:ogc:def:crs:OGC:1.3:CRS84" } },
"features": [
{ "type": "Feature", "properties": { "object_uuid": "2fe39d68-f18d-44f4-93ee-c633edf5ac5b", "Category": "Stream", "bhucode": "200101004023", "Kharab": "STREAM", "data_source_type": "CADASTRAL_KML", "legal_status": "UNVERIFIED" }, "geometry": { "type": "Polygon", "coordinates": [ [ [ 77.639404, 12.9573901 ], [ 77.6395267, 12.9573991 ], [ 77.6397664, 12.9573733 ], [ 77.6399916, 12.9573867 ], [ 77.6401732, 12.9573734 ], [ 77.6403402, 12.9573832 ], [ 77.6405554, 12.9573368 ], [ 77.6406664, 12.9573279 ], [ 77.640637, 12.9572557 ], [ 77.6403074, 12.9573093 ], [ 77.6398412, 12.9572699 ], [ 77.6396217, 12.9572908 ], [ 77.639436700000019, 12.9572802 ], [ 77.639404, 12.9573901 ] ] ] } },
{ "type": "Feature", "properties": { "object_uuid": "299f84a8-14ad-421b-ab94-c6b1def33831", "Category": "Stream", "bhucode": "200101004023", "Kharab": "STREAM", "data_source_type": "CADASTRAL_KML", "legal_status": "UNVERIFIED" }, "geometry": { "type": "Polygon", "coordinates": [ [ [ 77.639432, 12.9572805 ], [ 77.6393182, 12.9573027 ], [ 77.6392581, 12.9573459 ], [ 77.6394028, 12.9573898 ], [ 77.639432, 12.9572805 ] ] ] } },
{ "type": "Feature", "properties": { "object_uuid": "64cfc4a3-0b99-42ba-a13f-03802b9faba4", "Category": "Settlement", "bhucode": "200101004042", "Kharab": "SETTLEMENT", "data_source_type": "CADASTRAL_KML", "legal_status": "UNVERIFIED" }, "geometry": { "type": "Polygon", "coordinates": [ [ [ 77.6189378, 12.9575697 ], [ 77.6192507, 12.9576248 ], [ 77.6203434, 12.9567194 ], [ 77.6211156, 12.9563462 ], [ 77.62068210000001, 12.9542973 ], [ 77.6204302, 12.952896 ], [ 77.6203529, 12.9525433 ], [ 77.6202864, 12.9524602 ], [ 77.6196471, 12.9528313 ], [ 77.6197, 12.9529617 ], [ 77.6198002, 12.9529475 ], [ 77.6199026, 12.9532664 ], [ 77.6200609, 12.953933 ], [ 77.6201358, 12.9546211 ], [ 77.6197128, 12.9546586 ], [ 77.6196072, 12.9546482 ], [ 77.6191613, 12.9546889 ], [ 77.6189869, 12.9547417 ], [ 77.618637, 12.954816 ], [ 77.618731900000014, 12.9545227 ], [ 77.6186505, 12.9545153 ], [ 77.6185, 12.9545427 ], [ 77.6184767, 12.9544233 ], [ 77.618381, 12.9542166 ], [ 77.6183663, 12.9540426 ], [ 77.6183765, 12.9538337 ], [ 77.6182354, 12.9536083 ], [ 77.6180857, 12.9534529 ], [ 77.6182134, 12.9538738 ], [ 77.6181099, 12.9543648 ], [ 77.618117100000021, 12.9555174 ], [ 77.6181378, 12.9561043 ], [ 77.618634, 12.9565123 ], [ 77.6186743, 12.9565669 ], [ 77.61872510000002, 12.9564347 ], [ 77.6190054, 12.9563744 ], [ 77.6192918, 12.9566635 ], [ 77.6193648, 12.9567586 ], [ 77.6191503, 12.9569255 ], [ 77.619044, 12.9569693 ], [ 77.6188496, 12.9567727 ], [ 77.6186031, 12.9570625 ], [ 77.6188164, 12.9572882 ], [ 77.6186688, 12.9575007 ], [ 77.6183926, 12.95779 ], [ 77.6183122, 12.9577063 ], [ 77.6180732, 12.9579741 ], [ 77.6179671, 12.9580627 ], [ 77.6179418, 12.9579608 ], [ 77.6178269, 12.9576557 ], [ 77.6176669, 12.9579979 ], [ 77.6175552, 12.95865 ], [ 77.6171905, 12.9611589 ], [ 77.6171415, 12.9616844 ], [ 77.6180614, 12.9621499 ], [ 77.6183893, 12.9608805 ], [ 77.6186453, 12.9590836 ], [ 77.6188026, 12.9584439 ], [ 77.6189378, 12.9575697 ] ] ] } },
{ "type": "Feature", "properties": { "object_uuid": "0f713521-5c9f-4123-a03d-9fdec829ff3a", "Category": "Tank", "bhucode": "200101004069", "Kharab": "TANK", "data_source_type": "CADASTRAL_KML", "legal_status": "UNVERIFIED" }, "geometry": { "type": "Polygon", "coordinates": [ [ [ 77.6174823, 12.9591499 ], [ 77.6176669, 12.9579979 ], [ 77.6178269, 12.9576557 ], [ 77.6179729, 12.9574246 ], [ 77.6180537, 12.9572327 ], [ 77.6182412, 12.9571088 ], [ 77.6184229, 12.9568953 ], [ 77.6186743, 12.9565669 ], [ 77.618634, 12.9565123 ], [ 77.6181378, 12.9561043 ], [ 77.6179562, 12.956398 ], [ 77.6176624, 12.9566598 ], [ 77.6174043, 12.9569841 ], [ 77.6171287, 12.957039 ], [ 77.616764, 12.9570796 ], [ 77.6162104, 12.9569733 ], [ 77.6157339, 12.956756 ], [ 77.6153857, 12.9563182 ], [ 77.6151105, 12.9560491 ], [ 77.6150034, 12.955889 ], [ 77.6149965, 12.9556685 ], [ 77.614526900000016, 12.9549048 ], [ 77.6140993, 12.9550476 ], [ 77.6142403, 12.9553113 ], [ 77.6142575, 12.9557751 ], [ 77.6144267, 12.9558085 ], [ 77.614454, 12.9569326 ], [ 77.6148732, 12.9570183 ], [ 77.6149186, 12.9575627 ], [ 77.6157157, 12.9577741 ], [ 77.6157383, 12.9585937 ], [ 77.616436, 12.9588225 ], [ 77.6166092, 12.9589669 ], [ 77.6174823, 12.9591499 ] ] ] } },
{ "type": "Feature", "properties": { "object_uuid": "c0e20e1d-e099-418e-b792-1e83617358c8", "Category": "Road", "bhucode": "200101004069", "Kharab": "ROAD", "data_source_type": "CADASTRAL_KML", "legal_status": "UNVERIFIED" }, "geometry": { "type": "Polygon", "coordinates": [ [ [ 77.6144696, 12.9612248 ], [ 77.614700900000017, 12.9612584 ], [ 77.6146731, 12.9612081 ], [ 77.614461, 12.9589379 ], [ 77.6144312, 12.9588681 ], [ 77.6143738, 12.9575682 ], [ 77.6144113, 12.9570436 ], [ 77.614454, 12.9569326 ], [ 77.6144267, 12.9558085 ], [ 77.6142575, 12.9557751 ], [ 77.6141975, 12.957495 ], [ 77.6142174, 12.9579074 ], [ 77.6143017, 12.9587593 ], [ 77.6142618, 12.9588855 ], [ 77.6144696, 12.9612248 ] ] ] } },
{ "type": "Feature", "properties": { "object_uuid": "b2b9ad94-9c44-4f65-b560-571550ba0b22", "Category": "Road", "bhucode": "200101004069", "Kharab": "ROAD", "data_source_type": "CADASTRAL_KML", "legal_status": "UNVERIFIED" }, "geometry": { "type": "Polygon", "coordinates": [ [ [ 77.614834, 12.9548078 ], [ 77.6153072, 12.9546248 ], [ 77.615546400000014, 12.9545143 ], [ 77.6168604, 12.9540899 ], [ 77.6173102, 12.9538927 ], [ 77.6178372, 12.9536398 ], [ 77.6180857, 12.9534529 ], [ 77.6180864, 12.9533739 ], [ 77.617399, 12.9537031 ], [ 77.6172607, 12.9528231 ], [ 77.6171702, 12.9520538 ], [ 77.6170199, 12.9520597 ], [ 77.6171874, 12.9529974 ], [ 77.61728, 12.9537297 ], [ 77.6169413, 12.9538649 ], [ 77.6155211, 12.9543087 ], [ 77.6148905, 12.9545725 ], [ 77.61446380000001, 12.9547754 ], [ 77.6140379, 12.9548928 ], [ 77.6138862, 12.9541529 ], [ 77.6137779, 12.9532914 ], [ 77.6135836, 12.9534634 ], [ 77.6132857, 12.9535137 ], [ 77.613038, 12.952776 ], [ 77.6126992, 12.9528569 ], [ 77.6128339, 12.9535697 ], [ 77.6125733, 12.9535923 ], [ 77.6126785, 12.953927 ], [ 77.6134922, 12.9537098 ], [ 77.6135575, 12.9538603 ], [ 77.6137343, 12.9549633 ], [ 77.6135809, 12.9549933 ], [ 77.613628, 12.9551461 ], [ 77.6140993, 12.9550476 ], [ 77.614834, 12.9548078 ] ] ] } },
{ "type": "Feature", "properties": { "object_uuid": "ab97daae-847f-41e6-901c-7c7759bc5c65", "Category": "Road", "bhucode": "200101004042", "Kharab": "ROAD", "data_source_type": "CADASTRAL_KML", "legal_status": "UNVERIFIED" }, "geometry": { "type": "Polygon", "coordinates": [ [ [ 77.6238556, 12.9551721 ], [ 77.625684400000011, 12.9530147 ], [ 77.6255887, 12.9527817 ], [ 77.6253821, 12.9531568 ], [ 77.6252984, 12.9532701 ], [ 77.6243842, 12.9543472 ], [ 77.6242829, 12.9544909 ], [ 77.6237971, 12.95504 ], [ 77.6238556, 12.9551721 ] ] ] } },
{ "type": "Feature", "properties": { "object_uuid": "63f19dc2-85fa-4ff2-ab35-7714f6c208e2", "Category": "Settlement", "bhucode": "200101004069", "Kharab": "SETTLEMENT", "data_source_type": "CADASTRAL_KML", "legal_status": "UNVERIFIED" }, "geometry": { "type": "Polygon", "coordinates": [ [ [ 77.6123983, 12.9563108 ], [ 77.6134167, 12.955954 ], [ 77.6133503, 12.9557092 ], [ 77.6137042, 12.9554645 ], [ 77.6137425, 12.9554149 ], [ 77.613628, 12.9551461 ], [ 77.6135809, 12.9549933 ], [ 77.613267, 12.9549501 ], [ 77.6129403, 12.9550091 ], [ 77.6128363, 12.9547215 ], [ 77.6129712, 12.9547168 ], [ 77.6129156, 12.9545475 ], [ 77.6131825, 12.9544868 ], [ 77.6131796, 12.954354 ], [ 77.6127865, 12.9544207 ], [ 77.6126785, 12.953927 ], [ 77.6125733, 12.9535923 ], [ 77.6109919, 12.9540856 ], [ 77.6116321, 12.9562904 ], [ 77.6120242, 12.9564696 ], [ 77.6123983, 12.9563108 ] ], [ [ 77.6124245, 12.9541847 ], [ 77.6119984, 12.9543587 ], [ 77.6118407, 12.9542961 ], [ 77.611794, 12.9539193 ], [ 77.6123259, 12.9538159 ], [ 77.6124245, 12.9541847 ] ] ] } },
{ "type": "Feature", "properties": { "object_uuid": "9e480b9f-b9bc-49cf-996d-b58f7502cd00", "Category": "Road", "bhucode": "200101004069", "Kharab": "ROAD", "data_source_type": "CADASTRAL_KML", "legal_status": "UNVERIFIED" }, "geometry": { "type": "Polygon", "coordinates": [ [ [ 77.6165315, 12.960982 ], [ 77.6166092, 12.9589669 ], [ 77.616436, 12.9588225 ], [ 77.616411200000016, 12.959139 ], [ 77.6163901, 12.9610251 ], [ 77.616377, 12.961093 ], [ 77.616517700000017, 12.9610867 ], [ 77.6165315, 12.960982 ] ] ] } },
{ "type": "Feature", "properties": { "object_uuid": "a026b843-c95c-4ee1-b8c1-f00d2092dab4", "Category": "Road", "bhucode": "200101004057", "Kharab": "ROAD", "data_source_type": "CADASTRAL_KML", "legal_status": "UNVERIFIED" }, "geometry": { "type": "Polygon", "coordinates": [ [ [ 77.6144696, 12.9612248 ], [ 77.6138679, 12.9612236 ], [ 77.6127084, 12.961121 ], [ 77.6122675, 12.9611592 ], [ 77.6119158, 12.9613505 ], [ 77.6122342, 12.9613293 ], [ 77.6126531, 12.9612599 ], [ 77.6138229, 12.9613593 ], [ 77.61450360000002, 12.9613704 ], [ 77.6144696, 12.9612248 ] ] ] } },
{ "type": "Feature", "properties": { "object_uuid": "728cd783-8afa-4b63-b7e6-2342f1418648", "Category": "Road", "bhucode": "200101004057", "Kharab": "ROAD", "data_source_type": "CADASTRAL_KML", "legal_status": "UNVERIFIED" }, "geometry": { "type": "Polygon", "coordinates": [ [ [ 77.6179721, 12.96228 ], [ 77.6170952, 12.9618754 ], [ 77.6171415, 12.9616844 ], [ 77.6168148, 12.9616876 ], [ 77.6165788, 12.9616514 ], [ 77.6162578, 12.9615134 ], [ 77.6159781, 12.9615198 ], [ 77.6152045, 12.9613373 ], [ 77.6144696, 12.9612248 ], [ 77.61450360000002, 12.9613704 ], [ 77.614608, 12.9613721 ], [ 77.6158041, 12.9615679 ], [ 77.6163038, 12.9617456 ], [ 77.6168745, 12.9619638 ], [ 77.6179551, 12.9624753 ], [ 77.6179721, 12.96228 ] ] ] } },
{ "type": "Feature", "properties": { "object_uuid": "89e351d6-c258-4ea3-8c55-9221b2f49086", "Category": "Stream", "bhucode": "200101004057", "Kharab": "STREAM", "data_source_type": "CADASTRAL_KML", "legal_status": "UNVERIFIED" }, "geometry": { "type": "Polygon", "coordinates": [ [ [ 77.614981, 12.9626099 ], [ 77.6148131, 12.9622735 ], [ 77.614701, 12.9620105 ], [ 77.6146558, 12.9618535 ], [ 77.614641, 12.961598 ], [ 77.6146645, 12.9613811 ], [ 77.6144485, 12.9613695 ], [ 77.6144733, 12.9615083 ], [ 77.6144745, 12.9616836 ], [ 77.6145351, 12.9620224 ], [ 77.6146658, 12.9624398 ], [ 77.6147686, 12.9626536 ], [ 77.6149331, 12.962892 ], [ 77.614981, 12.9626099 ] ] ] } },
{ "type": "Feature", "properties": { "object_uuid": "171636d8-cab2-472a-8baa-009451584548", "Category": "Road", "bhucode": "200101004042", "Kharab": "ROAD", "data_source_type": "CADASTRAL_KML", "legal_status": "UNVERIFIED" }, "geometry": { "type": "Polygon", "coordinates": [ [ [ 77.6180614, 12.9621499 ], [ 77.6171415, 12.9616844 ], [ 77.6170952, 12.9618754 ], [ 77.6179721, 12.96228 ], [ 77.6180614, 12.9621499 ] ] ] } },
{ "type": "Feature", "properties": { "object_uuid": "6bc02929-43d9-407f-a412-6aa3cbb04781", "Category": "Stream", "bhucode": "200101004057", "Kharab": "STREAM", "data_source_type": "CADASTRAL_KML", "legal_status": "UNVERIFIED" }, "geometry": { "type": "Polygon", "coordinates": [ [ [ 77.615465, 12.963768 ], [ 77.6153433, 12.9635149 ], [ 77.6152159, 12.9631046 ], [ 77.6151271, 12.9628852 ], [ 77.6150565, 12.9627861 ], [ 77.614981, 12.9626099 ], [ 77.6149331, 12.962892 ], [ 77.6150601, 12.9631212 ], [ 77.6152111, 12.9636009 ], [ 77.6152958, 12.9637616 ], [ 77.6153958, 12.9638921 ], [ 77.615465, 12.963768 ] ] ] } },
{ "type": "Feature", "properties": { "object_uuid": "4a482814-481f-4b06-b78b-368a986de031", "Category": "Settlement", "bhucode": "200101004057", "Kharab": "SETTLEMENT", "data_source_type": "CADASTRAL_KML", "legal_status": "UNVERIFIED" }, "geometry": { "type": "Polygon", "coordinates": [ [ [ 77.6131113, 12.9656953 ], [ 77.6132706, 12.9655173 ], [ 77.6134248, 12.9652133 ], [ 77.6134731, 12.9649078 ], [ 77.6141816, 12.965172 ], [ 77.6142353, 12.965158 ], [ 77.6144257, 12.9639286 ], [ 77.6142095, 12.9637449 ], [ 77.6135655, 12.9636597 ], [ 77.6124523, 12.96342 ], [ 77.6124325, 12.9631761 ], [ 77.6121789, 12.9631688 ], [ 77.612231900000012, 12.9633728 ], [ 77.6115759, 12.9633785 ], [ 77.6114443, 12.9640828 ], [ 77.6114685, 12.9643134 ], [ 77.6115115, 12.9644878 ], [ 77.6120481, 12.9647093 ], [ 77.6125384, 12.9648762 ], [ 77.6131769, 12.9649254 ], [ 77.6129726, 12.9655299 ], [ 77.6131113, 12.9656953 ] ] ] } },
{ "type": "Feature", "properties": { "object_uuid": "11d70723-ce28-44ee-9217-d762286cdaeb", "Category": "Settlement", "bhucode": "200101004023", "Kharab": "SETTLEMENT", "data_source_type": "CADASTRAL_KML", "legal_status": "UNVERIFIED" }, "geometry": { "type": "Polygon", "coordinates": [ [ [ 77.6367551, 12.9625285 ], [ 77.6369095, 12.96237 ], [ 77.6373344, 12.9621358 ], [ 77.6376898, 12.9616773 ], [ 77.637492, 12.9612356 ], [ 77.6373856, 12.9610635 ], [ 77.6362587, 12.9613205 ], [ 77.6344005, 12.9613987 ], [ 77.6343656, 12.9615245 ], [ 77.6341841, 12.9619967 ], [ 77.6343993, 12.9624059 ], [ 77.6344559, 12.9627384 ], [ 77.6346987, 12.9630479 ], [ 77.6349317, 12.963059 ], [ 77.6350777, 12.962919 ], [ 77.6352461, 12.963065 ], [ 77.6354027, 12.9631545 ], [ 77.6366472, 12.9626169 ], [ 77.6367551, 12.9625285 ] ] ] } },
{ "type": "Feature", "properties": { "object_uuid": "cb8d0ad2-05eb-4244-87a1-d428debf8d01", "Category": "Stream", "bhucode": "200101004023", "Kharab": "STREAM", "data_source_type": "CADASTRAL_KML", "legal_status": "UNVERIFIED" }, "geometry": { "type": "Polygon", "coordinates": [ [ [ 77.6379429, 12.9643281 ], [ 77.6379707, 12.9642583 ], [ 77.6382218, 12.963987 ], [ 77.6383208, 12.9638533 ], [ 77.6384379, 12.9637589 ], [ 77.6386908, 12.9635018 ], [ 77.6388625, 12.9630031 ], [ 77.6389581, 12.962868 ], [ 77.6390438, 12.9626817 ], [ 77.6391551, 12.9625444 ], [ 77.6392625, 12.96234 ], [ 77.6393531, 12.9622043 ], [ 77.6394558, 12.9621382 ], [ 77.6396715, 12.962091 ], [ 77.6397617, 12.9621003 ], [ 77.6398194, 12.9621648 ], [ 77.6399105, 12.9621593 ], [ 77.6398745, 12.9620829 ], [ 77.639768600000011, 12.9620214 ], [ 77.6395317, 12.9620184 ], [ 77.6394115, 12.9620458 ], [ 77.6392945, 12.962138 ], [ 77.6391456, 12.9623915 ], [ 77.6390973, 12.9625116 ], [ 77.6390162, 12.9626123 ], [ 77.6388913, 12.9628696 ], [ 77.6387871, 12.9630093 ], [ 77.6387045, 12.9632701 ], [ 77.6386782, 12.9634131 ], [ 77.6385449, 12.9635802 ], [ 77.6383774, 12.9637196 ], [ 77.6381116, 12.9639906 ], [ 77.6379031, 12.9642638 ], [ 77.6379429, 12.9643281 ] ] ] } },
{ "type": "Feature", "properties": { "object_uuid": "19384555-afd5-4d31-b892-04e4474ba53b", "Category": "Stream", "bhucode": "200101004023", "Kharab": "STREAM", "data_source_type": "CADASTRAL_KML", "legal_status": "UNVERIFIED" }, "geometry": { "type": "Polygon", "coordinates": [ [ [ 77.6400073, 12.9629236 ], [ 77.6399487, 12.9628732 ], [ 77.6399379, 12.9627896 ], [ 77.6399266, 12.9625236 ], [ 77.6399433, 12.9623045 ], [ 77.6399326, 12.962246 ], [ 77.6399105, 12.9621593 ], [ 77.6398194, 12.9621648 ], [ 77.6398375, 12.9622645 ], [ 77.6398454, 12.9628978 ], [ 77.6398868, 12.9629764 ], [ 77.6399607, 12.9630278 ], [ 77.6400073, 12.9629236 ] ] ] } },
{ "type": "Feature", "properties": { "object_uuid": "97f568d6-d61e-4a73-81b1-a1b8d3a30e84", "Category": "Road", "bhucode": "200101004023", "Kharab": "ROAD", "data_source_type": "CADASTRAL_KML", "legal_status": "UNVERIFIED" }, "geometry": { "type": "Polygon", "coordinates": [ [ [ 77.6376527, 12.964663 ], [ 77.6378213, 12.9645363 ], [ 77.6377645, 12.9644727 ], [ 77.6374343, 12.9642036 ], [ 77.6371398, 12.9636899 ], [ 77.6370305, 12.9634299 ], [ 77.6370459, 12.9632327 ], [ 77.6367551, 12.9625285 ], [ 77.6366472, 12.9626169 ], [ 77.6367951, 12.9634436 ], [ 77.637206, 12.9641208 ], [ 77.6372807, 12.9642709 ], [ 77.6376527, 12.964663 ] ] ] } },
{ "type": "Feature", "properties": { "object_uuid": "2054fd46-f323-4b7d-94bb-1e37ea7874e6", "Category": "Stream", "bhucode": "200101004023", "Kharab": "STREAM", "data_source_type": "CADASTRAL_KML", "legal_status": "UNVERIFIED" }, "geometry": { "type": "Polygon", "coordinates": [ [ [ 77.6399607, 12.9630278 ], [ 77.6400702, 12.963074 ], [ 77.6403271, 12.9630588 ], [ 77.64064, 12.9629029 ], [ 77.6399819, 12.9629888 ], [ 77.6399607, 12.9630278 ] ] ] } },
{ "type": "Feature", "properties": { "object_uuid": "5eb83380-7a5e-4765-b8fc-2c9551784cc9", "Category": "Stream", "bhucode": "200101004023", "Kharab": "STREAM", "data_source_type": "CADASTRAL_KML", "legal_status": "UNVERIFIED" }, "geometry": { "type": "Polygon", "coordinates": [ [ [ 77.6377908, 12.9648692 ], [ 77.6378457, 12.9647471 ], [ 77.6378483, 12.9646871 ], [ 77.6379429, 12.9643281 ], [ 77.6379031, 12.9642638 ], [ 77.6378668, 12.9643378 ], [ 77.6378213, 12.9645363 ], [ 77.6377657, 12.9646822 ], [ 77.6377131, 12.9647529 ], [ 77.6377908, 12.9648692 ] ] ] } },
{ "type": "Feature", "properties": { "object_uuid": "5ca5f897-2047-406b-9744-4ad695a6220c", "Category": "Tank", "bhucode": "200101004023", "Kharab": "TANK", "data_source_type": "CADASTRAL_KML", "legal_status": "UNVERIFIED" }, "geometry": { "type": "Polygon", "coordinates": [ [ [ 77.636710100000016, 12.9673408 ], [ 77.6357404, 12.9670397 ], [ 77.6350914, 12.9669094 ], [ 77.6347947, 12.9665001 ], [ 77.6341843, 12.9657345 ], [ 77.6341191, 12.9654567 ], [ 77.6339258, 12.9653051 ], [ 77.6337429, 12.96548 ], [ 77.6336572, 12.9656056 ], [ 77.6336105, 12.96573 ], [ 77.6336308, 12.9658571 ], [ 77.6334374, 12.9659535 ], [ 77.6334184, 12.9660735 ], [ 77.6331737, 12.9664717 ], [ 77.6333892, 12.9669371 ], [ 77.6332194, 12.9676247 ], [ 77.6330752, 12.9684501 ], [ 77.6330699, 12.9686994 ], [ 77.6339086, 12.9701759 ], [ 77.6341512, 12.9706987 ], [ 77.636710100000016, 12.9673408 ] ] ] } },
{ "type": "Feature", "properties": { "object_uuid": "c96a789a-6c7d-432c-9d08-74a61f6c34fc", "Category": "Stream", "bhucode": "200101004023", "Kharab": "STREAM", "data_source_type": "CADASTRAL_KML", "legal_status": "UNVERIFIED" }, "geometry": { "type": "Polygon", "coordinates": [ [ [ 77.6339091, 12.9707836 ], [ 77.6341512, 12.9706987 ], [ 77.6341119, 12.9706129 ], [ 77.6339762, 12.9706899 ], [ 77.6338004, 12.9707382 ], [ 77.6339091, 12.9707836 ] ] ] } },
{ "type": "Feature", "properties": { "object_uuid": "88721443-b2c9-4436-b1ff-aaca15249728", "Category": "Tank", "bhucode": "200101004024", "Kharab": "TANK", "data_source_type": "CADASTRAL_KML", "legal_status": "UNVERIFIED" }, "geometry": { "type": "Polygon", "coordinates": [ [ [ 77.636642, 12.9674301 ], [ 77.6341512, 12.9706987 ], [ 77.6339091, 12.9707836 ], [ 77.6338862, 12.9709086 ], [ 77.6342241, 12.970983 ], [ 77.6355834, 12.9713759 ], [ 77.6359176, 12.9702191 ], [ 77.6359539, 12.9699378 ], [ 77.6359883, 12.9698206 ], [ 77.6359803, 12.9697277 ], [ 77.6360423, 12.9689857 ], [ 77.6360921, 12.9688226 ], [ 77.636269, 12.9684201 ], [ 77.636531, 12.9679275 ], [ 77.6366233, 12.9678081 ], [ 77.6366834, 12.9674633 ], [ 77.636642, 12.9674301 ] ] ] } },
{ "type": "Feature", "properties": { "object_uuid": "1ecc2ef8-bae7-40e2-8080-0e2a8b25bb44", "Category": "Stream", "bhucode": "200101004023", "Kharab": "STREAM", "data_source_type": "CADASTRAL_KML", "legal_status": "UNVERIFIED" }, "geometry": { "type": "Polygon", "coordinates": [ [ [ 77.6362916, 12.9662304 ], [ 77.6362685, 12.9661367 ], [ 77.636307, 12.9660818 ], [ 77.6368733, 12.9656787 ], [ 77.6368304, 12.9656108 ], [ 77.6368232, 12.9656308 ], [ 77.6365629, 12.9658243 ], [ 77.6362437, 12.9660455 ], [ 77.6362066, 12.9660934 ], [ 77.6361972, 12.9661723 ], [ 77.6362369, 12.9662759 ], [ 77.6362916, 12.9662304 ] ] ] } },
{ "type": "Feature", "properties": { "object_uuid": "4836b865-4ee5-4587-9916-04f0b5a6a316", "Category": "Stream", "bhucode": "200101004023", "Kharab": "STREAM", "data_source_type": "CADASTRAL_KML", "legal_status": "UNVERIFIED" }, "geometry": { "type": "Polygon", "coordinates": [ [ [ 77.6368476, 12.9668241 ], [ 77.6366211, 12.9666753 ], [ 77.6364097, 12.9664884 ], [ 77.6363456, 12.9663933 ], [ 77.6362916, 12.9662304 ], [ 77.6362369, 12.9662759 ], [ 77.6362465, 12.9664569 ], [ 77.6363781, 12.9666212 ], [ 77.6365047, 12.9667119 ], [ 77.6366502, 12.9667896 ], [ 77.636937, 12.9670202 ], [ 77.6370208, 12.9669157 ], [ 77.6368476, 12.9668241 ] ] ] } },
{ "type": "Feature", "properties": { "object_uuid": "e05c6e67-97f8-4197-9811-e15bbf9d2702", "Category": "Road", "bhucode": "200101004023", "Kharab": "ROAD", "data_source_type": "CADASTRAL_KML", "legal_status": "UNVERIFIED" }, "geometry": { "type": "Polygon", "coordinates": [ [ [ 77.6368651, 12.9673402 ], [ 77.6374305, 12.966561 ], [ 77.6380127, 12.9659436 ], [ 77.6391413, 12.9649427 ], [ 77.6401468, 12.964219 ], [ 77.6400952, 12.9641517 ], [ 77.6385775, 12.9651977 ], [ 77.6377763, 12.9659516 ], [ 77.6368937, 12.9670751 ], [ 77.6367629, 12.9672657 ], [ 77.6368651, 12.9673402 ] ] ] } },
{ "type": "Feature", "properties": { "object_uuid": "f2237261-0bb2-4a62-8f06-a192baa950ad", "Category": "Settlement", "bhucode": "200101004024", "Kharab": "SETTLEMENT", "data_source_type": "CADASTRAL_KML", "legal_status": "UNVERIFIED" }, "geometry": { "type": "Polygon", "coordinates": [ [ [ 77.6402311, 12.9686058 ], [ 77.6402775, 12.9685815 ], [ 77.6404211, 12.9684403 ], [ 77.6403096, 12.9681439 ], [ 77.6403595, 12.9680991 ], [ 77.6402095, 12.9673028 ], [ 77.640109, 12.9672526 ], [ 77.6395349, 12.9670458 ], [ 77.639077, 12.9671932 ], [ 77.6389462, 12.9673104 ], [ 77.6389797, 12.9676723 ], [ 77.6392287, 12.9679494 ], [ 77.6396173, 12.9683308 ], [ 77.6399765, 12.9682465 ], [ 77.6400488, 12.9684521 ], [ 77.6401389, 12.968431 ], [ 77.6401514, 12.9685581 ], [ 77.6402311, 12.9686058 ] ] ] } },
{ "type": "Feature", "properties": { "object_uuid": "fed257d5-fb52-4b6a-a88b-c5b58e126be8", "Category": "Stream", "bhucode": "200101004023", "Kharab": "STREAM", "data_source_type": "CADASTRAL_KML", "legal_status": "UNVERIFIED" }, "geometry": { "type": "Polygon", "coordinates": [ [ [ 77.6330963, 12.9683621 ], [ 77.632908, 12.9683729 ], [ 77.6326713, 12.968292 ], [ 77.6324827, 12.9682694 ], [ 77.6323085, 12.9682307 ], [ 77.632294, 12.9682893 ], [ 77.6326458, 12.9683391 ], [ 77.6328284, 12.9684117 ], [ 77.6329195, 12.9684269 ], [ 77.6330197, 12.9684231 ], [ 77.6330752, 12.9684501 ], [ 77.6330963, 12.9683621 ] ] ] } },
{ "type": "Feature", "properties": { "object_uuid": "413d28b4-c3a2-4c73-993c-b6593b97eb3a", "Category": "Stream", "bhucode": "200101004003", "Kharab": "STREAM", "data_source_type": "CADASTRAL_KML", "legal_status": "UNVERIFIED" }, "geometry": { "type": "Polygon", "coordinates": [ [ [ 77.63343380000002, 12.9726736 ], [ 77.6338103, 12.9717366 ], [ 77.6338862, 12.9709086 ], [ 77.6336521, 12.971388 ], [ 77.6335707, 12.9716681 ], [ 77.6333671, 12.9722136 ], [ 77.6332916, 12.9726548 ], [ 77.6327392, 12.9739593 ], [ 77.632993, 12.9739352 ], [ 77.63343380000002, 12.9726736 ] ] ] } },
{ "type": "Feature", "properties": { "object_uuid": "65f39169-1b0c-4f35-a726-f69e683d3f01", "Category": "Stream", "bhucode": "200101004003", "Kharab": "STREAM", "data_source_type": "CADASTRAL_KML", "legal_status": "UNVERIFIED" }, "geometry": { "type": "Polygon", "coordinates": [ [ [ 77.6288348, 12.9782978 ], [ 77.62917, 12.978265 ], [ 77.6293289, 12.9782072 ], [ 77.6292499, 12.97804 ], [ 77.6291982, 12.9780466 ], [ 77.6289223, 12.9781521 ], [ 77.6287654, 12.9781955 ], [ 77.6288348, 12.9782978 ] ] ] } },
{ "type": "Feature", "properties": { "object_uuid": "7b50bd5a-f699-4131-b54e-bbc907a6d80d", "Category": "Stream", "bhucode": "200101004003", "Kharab": "STREAM", "data_source_type": "CADASTRAL_KML", "legal_status": "UNVERIFIED" }, "geometry": { "type": "Polygon", "coordinates": [ [ [ 77.6285019, 12.9781806 ], [ 77.6282559, 12.978199 ], [ 77.6280149, 12.9781808 ], [ 77.6279471, 12.9782085 ], [ 77.6280048, 12.978384 ], [ 77.628061400000021, 12.9783567 ], [ 77.628126, 12.9783481 ], [ 77.6285863, 12.9783265 ], [ 77.6285019, 12.9781806 ] ] ] } },
{ "type": "Feature", "properties": { "object_uuid": "af7cf870-b7d4-4970-8693-093f8eb3e48c", "Category": "Stream", "bhucode": "200101004003", "Kharab": "STREAM", "data_source_type": "CADASTRAL_KML", "legal_status": "UNVERIFIED" }, "geometry": { "type": "Polygon", "coordinates": [ [ [ 77.62933, 12.9782067 ], [ 77.6294768, 12.9781263 ], [ 77.6295624, 12.9780961 ], [ 77.6298719, 12.9780458 ], [ 77.6300565, 12.978052 ], [ 77.6301765, 12.9780229 ], [ 77.6302, 12.97791 ], [ 77.6301107, 12.9779274 ], [ 77.6298194, 12.977935 ], [ 77.6294271, 12.9780268 ], [ 77.6292499, 12.97804 ], [ 77.62933, 12.9782067 ] ] ] } },
{ "type": "Feature", "properties": { "object_uuid": "660b86f0-fb57-4905-853c-3af9d36f90b4", "Category": "Stream", "bhucode": "200101004003", "Kharab": "STREAM", "data_source_type": "CADASTRAL_KML", "legal_status": "UNVERIFIED" }, "geometry": { "type": "Polygon", "coordinates": [ [ [ 77.6301804, 12.9780217 ], [ 77.6303741, 12.9779813 ], [ 77.6305486, 12.9779171 ], [ 77.6307366, 12.9779058 ], [ 77.6307065, 12.9777731 ], [ 77.630522, 12.9777742 ], [ 77.6303994, 12.9778124 ], [ 77.6302, 12.97791 ], [ 77.6301804, 12.9780217 ] ] ] } },
{ "type": "Feature", "properties": { "object_uuid": "4b85be9e-3876-4f5f-9b79-22535cf8704f", "Category": "Stream", "bhucode": "200101004003", "Kharab": "STREAM", "data_source_type": "CADASTRAL_KML", "legal_status": "UNVERIFIED" }, "geometry": { "type": "Polygon", "coordinates": [ [ [ 77.6307377, 12.9779058 ], [ 77.6309042, 12.9778753 ], [ 77.6311484, 12.9777628 ], [ 77.6314949, 12.9776516 ], [ 77.6316196, 12.977554 ], [ 77.6316587, 12.9774901 ], [ 77.6316491, 12.9774552 ], [ 77.6314998, 12.9774303 ], [ 77.6314043, 12.9775264 ], [ 77.6312917, 12.9775897 ], [ 77.6308736, 12.9777506 ], [ 77.6307065, 12.9777731 ], [ 77.6307377, 12.9779058 ] ] ] } },
{ "type": "Feature", "properties": { "object_uuid": "31222db7-d24d-47ce-8c93-e13d45b84602", "Category": "Stream", "bhucode": "200101004003", "Kharab": "STREAM", "data_source_type": "CADASTRAL_KML", "legal_status": "UNVERIFIED" }, "geometry": { "type": "Polygon", "coordinates": [ [ [ 77.6316592, 12.9774868 ], [ 77.6316879, 12.9774172 ], [ 77.63173230000001, 12.9773682 ], [ 77.6316734, 12.9772031 ], [ 77.6315011, 12.9774304 ], [ 77.6316491, 12.9774552 ], [ 77.6316592, 12.9774868 ] ] ] } },
{ "type": "Feature", "properties": { "object_uuid": "d1215869-b492-419c-8145-3302a1cbb4f6", "Category": "Stream", "bhucode": "200101004003", "Kharab": "STREAM", "data_source_type": "CADASTRAL_KML", "legal_status": "UNVERIFIED" }, "geometry": { "type": "Polygon", "coordinates": [ [ [ 77.6344304, 12.9742246 ], [ 77.6344469, 12.9741586 ], [ 77.634449, 12.9739476 ], [ 77.6344696, 12.973836 ], [ 77.634612, 12.9735519 ], [ 77.6347694, 12.9731833 ], [ 77.6347849, 12.9731029 ], [ 77.634761, 12.9729339 ], [ 77.6348617, 12.9728036 ], [ 77.6350782, 12.9721901 ], [ 77.6350894, 12.9721393 ], [ 77.6349374, 12.9720888 ], [ 77.634915400000011, 12.9721941 ], [ 77.6348326, 12.9723517 ], [ 77.634804500000016, 12.972557 ], [ 77.6347186, 12.9726817 ], [ 77.6347031, 12.9728015 ], [ 77.6346361, 12.9729109 ], [ 77.6346326, 12.9729797 ], [ 77.6346614, 12.973119 ], [ 77.6346493, 12.9731869 ], [ 77.6345563, 12.9733391 ], [ 77.6343921, 12.9735165 ], [ 77.6343653, 12.9737165 ], [ 77.6342962, 12.9739019 ], [ 77.6341912, 12.9741085 ], [ 77.6341864, 12.9741806 ], [ 77.6344304, 12.9742246 ] ] ] } },
{ "type": "Feature", "properties": { "object_uuid": "59ae3599-18e3-43cd-8a34-f178cf6f7493", "Category": "Stream", "bhucode": "200101004003", "Kharab": "STREAM", "data_source_type": "CADASTRAL_KML", "legal_status": "UNVERIFIED" }, "geometry": { "type": "Polygon", "coordinates": [ [ [ 77.6328002, 12.9740378 ], [ 77.6328246, 12.9741684 ], [ 77.6328166, 12.9742536 ], [ 77.63276, 12.9745806 ], [ 77.6326924, 12.9748317 ], [ 77.6327628, 12.9747111 ], [ 77.632891, 12.9745427 ], [ 77.6329444, 12.9744173 ], [ 77.6329642, 12.9743131 ], [ 77.632993, 12.9739352 ], [ 77.6327392, 12.9739593 ], [ 77.6328002, 12.9740378 ] ] ] } },
{ "type": "Feature", "properties": { "object_uuid": "a1e0bded-b55a-4939-895f-d2739f4d45af", "Category": "Stream", "bhucode": "200101004003", "Kharab": "STREAM", "data_source_type": "CADASTRAL_KML", "legal_status": "UNVERIFIED" }, "geometry": { "type": "Polygon", "coordinates": [ [ [ 77.6340733, 12.974861 ], [ 77.634151, 12.974606 ], [ 77.6343045, 12.9744163 ], [ 77.6344304, 12.9742246 ], [ 77.6341864, 12.9741806 ], [ 77.6341808, 12.9742542 ], [ 77.6341015, 12.9743849 ], [ 77.6340672, 12.9745642 ], [ 77.6340387, 12.9746005 ], [ 77.6339433, 12.974661 ], [ 77.6339046, 12.9747707 ], [ 77.6338614, 12.9748403 ], [ 77.6340164, 12.9749323 ], [ 77.6340733, 12.974861 ] ] ] } },
{ "type": "Feature", "properties": { "object_uuid": "f6ca5825-23cd-4668-af1a-beb443a51656", "Category": "Stream", "bhucode": "200101004003", "Kharab": "STREAM", "data_source_type": "CADASTRAL_KML", "legal_status": "UNVERIFIED" }, "geometry": { "type": "Polygon", "coordinates": [ [ [ 77.6335165, 12.9756981 ], [ 77.6334744, 12.9755546 ], [ 77.633499, 12.9754646 ], [ 77.6340164, 12.9749323 ], [ 77.6338614, 12.9748403 ], [ 77.6336949, 12.9750666 ], [ 77.6335486, 12.9751861 ], [ 77.6334654, 12.9753247 ], [ 77.6333313, 12.9754494 ], [ 77.6333237, 12.975509 ], [ 77.633357, 12.9757813 ], [ 77.6335165, 12.9756981 ] ] ] } },
{ "type": "Feature", "properties": { "object_uuid": "ac41c3b2-76d7-4cd6-9a7b-de2c0ff6b23d", "Category": "Stream", "bhucode": "200101004043", "Kharab": "STREAM", "data_source_type": "CADASTRAL_KML", "legal_status": "UNVERIFIED" }, "geometry": { "type": "Polygon", "coordinates": [ [ [ 77.6333102, 12.9761199 ], [ 77.6337885, 12.9758222 ], [ 77.6336925, 12.9757162 ], [ 77.633544, 12.9756854 ], [ 77.633517, 12.9757934 ], [ 77.63344020000001, 12.975917 ], [ 77.6333469, 12.9759813 ], [ 77.6333102, 12.9761199 ] ] ] } },
{ "type": "Feature", "properties": { "object_uuid": "8dcc7204-9e84-42f7-ba51-6e9371e843bd", "Category": "Stream", "bhucode": "200101004003", "Kharab": "STREAM", "data_source_type": "CADASTRAL_KML", "legal_status": "UNVERIFIED" }, "geometry": { "type": "Polygon", "coordinates": [ [ [ 77.6333102, 12.9761199 ], [ 77.6333469, 12.9759813 ], [ 77.63344020000001, 12.975917 ], [ 77.633517, 12.9757934 ], [ 77.633544, 12.9756854 ], [ 77.6333556, 12.975782 ], [ 77.6330726, 12.9760979 ], [ 77.6330779, 12.976337 ], [ 77.6333102, 12.9761199 ] ] ] } },
{ "type": "Feature", "properties": { "object_uuid": "cc343e55-dbc3-4d0b-b095-b27c3471d6de", "Category": "Stream", "bhucode": "200101004003", "Kharab": "STREAM", "data_source_type": "CADASTRAL_KML", "legal_status": "UNVERIFIED" }, "geometry": { "type": "Polygon", "coordinates": [ [ [ 77.6323629, 12.9767986 ], [ 77.6325384, 12.9766716 ], [ 77.6328842, 12.9764602 ], [ 77.6330498, 12.9763321 ], [ 77.6330779, 12.976337 ], [ 77.6330726, 12.9760979 ], [ 77.63292220000001, 12.9762777 ], [ 77.6328009, 12.9763897 ], [ 77.6324446, 12.9765742 ], [ 77.6323024, 12.9766731 ], [ 77.6323629, 12.9767986 ] ] ] } },
{ "type": "Feature", "properties": { "object_uuid": "fce0848e-372f-435e-8984-764d1c20f7d3", "Category": "Stream", "bhucode": "200101004003", "Kharab": "STREAM", "data_source_type": "CADASTRAL_KML", "legal_status": "UNVERIFIED" }, "geometry": { "type": "Polygon", "coordinates": [ [ [ 77.6317332, 12.9773674 ], [ 77.6320007, 12.9772302 ], [ 77.6320275, 12.9771904 ], [ 77.6320436, 12.9770685 ], [ 77.6320717, 12.9770157 ], [ 77.632362, 12.9767993 ], [ 77.6323024, 12.9766731 ], [ 77.6318868, 12.9769858 ], [ 77.6316734, 12.9772031 ], [ 77.6317332, 12.9773674 ] ] ] } },
{ "type": "Feature", "properties": { "object_uuid": "4104c35c-5d11-49b2-afe4-33f816628f54", "Category": "Stream", "bhucode": "200401002028", "Kharab": "STREAM", "data_source_type": "CADASTRAL_KML", "legal_status": "UNVERIFIED" }, "geometry": { "type": "Polygon", "coordinates": [ [ [ 77.639245800000012, 12.9727703 ], [ 77.6396265, 12.9726574 ], [ 77.6403748, 12.9725245 ], [ 77.6403475, 12.9724245 ], [ 77.6382594, 12.972595 ], [ 77.6382079, 12.9727566 ], [ 77.6387263, 12.9727644 ], [ 77.6390565, 12.9728017 ], [ 77.639245800000012, 12.9727703 ] ] ] } },
{ "type": "Feature", "properties": { "object_uuid": "e728410f-e916-4204-b1a1-18343d551110", "Category": "Road", "bhucode": "200101004003", "Kharab": "ROAD", "data_source_type": "CADASTRAL_KML", "legal_status": "UNVERIFIED" }, "geometry": { "type": "Polygon", "coordinates": [ [ [ 77.6324943, 12.9771627 ], [ 77.632601, 12.9773774 ], [ 77.632925, 12.9781209 ], [ 77.6333519, 12.9791401 ], [ 77.6333989, 12.9799344 ], [ 77.6334497, 12.9799279 ], [ 77.6334203, 12.979115 ], [ 77.6331081, 12.9781131 ], [ 77.6327009, 12.9772446 ], [ 77.6325567, 12.9771041 ], [ 77.6324943, 12.9771627 ] ] ] } },
{ "type": "Feature", "properties": { "object_uuid": "e84e4eea-0252-4573-8597-61664cb8145e", "Category": "Tank", "bhucode": "200101004043", "Kharab": "TANK", "data_source_type": "CADASTRAL_KML", "legal_status": "UNVERIFIED" }, "geometry": { "type": "Polygon", "coordinates": [ [ [ 77.6408475, 12.9771098 ], [ 77.6404792, 12.9771965 ], [ 77.6404577, 12.9772287 ], [ 77.640464, 12.9774109 ], [ 77.6404845, 12.9774656 ], [ 77.6405288, 12.977505 ], [ 77.6407564, 12.977628 ], [ 77.6408748, 12.9777331 ], [ 77.6408475, 12.9771098 ] ] ] } },
{ "type": "Feature", "properties": { "object_uuid": "55c8d58e-c0e4-4f23-b92b-cbfa78f01c16", "Category": "Road", "bhucode": "200101004043", "Kharab": "ROAD", "data_source_type": "CADASTRAL_KML", "legal_status": "UNVERIFIED" }, "geometry": { "type": "Polygon", "coordinates": [ [ [ 77.6347236, 12.9780784 ], [ 77.6350398, 12.978086 ], [ 77.6356623, 12.9779 ], [ 77.6357651, 12.9778865 ], [ 77.6363935, 12.9779781 ], [ 77.637012700000014, 12.9779189 ], [ 77.6378576, 12.9779063 ], [ 77.6396076, 12.9778217 ], [ 77.6408211, 12.9778198 ], [ 77.6409187, 12.9781875 ], [ 77.6410055, 12.9781734 ], [ 77.6408748, 12.9777331 ], [ 77.6383977, 12.9777374 ], [ 77.6379401, 12.9777739 ], [ 77.6374093, 12.9777314 ], [ 77.6369192, 12.9777307 ], [ 77.6359968, 12.9776826 ], [ 77.6354882, 12.9777888 ], [ 77.6352753, 12.9779186 ], [ 77.6345752, 12.9780029 ], [ 77.6342056, 12.9779251 ], [ 77.633221600000013, 12.9780817 ], [ 77.6330738, 12.9776553 ], [ 77.6328546, 12.9772392 ], [ 77.6327017, 12.9772464 ], [ 77.6331081, 12.9781131 ], [ 77.6334203, 12.979115 ], [ 77.6334497, 12.9799279 ], [ 77.633525800000015, 12.9798765 ], [ 77.6334793, 12.979085 ], [ 77.6334155, 12.9789341 ], [ 77.6334229, 12.9788027 ], [ 77.6332573, 12.9781765 ], [ 77.6339512, 12.9781099 ], [ 77.6347236, 12.9780784 ] ] ] } },
{ "type": "Feature", "properties": { "object_uuid": "e0028bc2-7f9e-4e65-83f6-c23b8deb1062", "Category": "Stream", "bhucode": "200101004003", "Kharab": "STREAM", "data_source_type": "CADASTRAL_KML", "legal_status": "UNVERIFIED" }, "geometry": { "type": "Polygon", "coordinates": [ [ [ 77.6210198, 12.9770273 ], [ 77.62081, 12.9765305 ], [ 77.6207762, 12.9763022 ], [ 77.6207532, 12.975988 ], [ 77.620647, 12.9759509 ], [ 77.6206747, 12.9764433 ], [ 77.6208938, 12.9770492 ], [ 77.6210428, 12.9773779 ], [ 77.6211137, 12.9773086 ], [ 77.6210198, 12.9770273 ] ] ] } },
{ "type": "Feature", "properties": { "object_uuid": "d168baab-2f06-454b-b350-4e37d94af8d9", "Category": "Stream", "bhucode": "200101004003", "Kharab": "STREAM", "data_source_type": "CADASTRAL_KML", "legal_status": "UNVERIFIED" }, "geometry": { "type": "Polygon", "coordinates": [ [ [ 77.6220771, 12.9781409 ], [ 77.6225518, 12.9783362 ], [ 77.6225124, 12.9781578 ], [ 77.622475, 12.9781382 ], [ 77.6221207, 12.9780096 ], [ 77.6219469, 12.9779914 ], [ 77.6218181, 12.9779329 ], [ 77.6216649, 12.9779035 ], [ 77.6215608, 12.9778504 ], [ 77.6214574, 12.9777381 ], [ 77.6214415, 12.9776749 ], [ 77.6214468, 12.9775462 ], [ 77.6214347, 12.977534 ], [ 77.6214137, 12.9775471 ], [ 77.6213967, 12.977689 ], [ 77.6214047, 12.9777861 ], [ 77.62144, 12.9778984 ], [ 77.6214722, 12.977941 ], [ 77.6216815, 12.9779999 ], [ 77.621889300000021, 12.9780951 ], [ 77.6220771, 12.9781409 ] ] ] } },
{ "type": "Feature", "properties": { "object_uuid": "9f29f02f-8c11-4e89-ae8d-90b14b9ae412", "Category": "Tank", "bhucode": "200101004003", "Kharab": "TANK", "data_source_type": "CADASTRAL_KML", "legal_status": "UNVERIFIED" }, "geometry": { "type": "Polygon", "coordinates": [ [ [ 77.6225191, 12.9775971 ], [ 77.6222646, 12.9775991 ], [ 77.6222926, 12.9778383 ], [ 77.6224633, 12.9778357 ], [ 77.6225191, 12.9775971 ] ] ] } },
{ "type": "Feature", "properties": { "object_uuid": "1f36295b-fdd6-4d6e-a770-00836af46832", "Category": "Stream", "bhucode": "200101004003", "Kharab": "STREAM", "data_source_type": "CADASTRAL_KML", "legal_status": "UNVERIFIED" }, "geometry": { "type": "Polygon", "coordinates": [ [ [ 77.6225783, 12.9783501 ], [ 77.6227213, 12.9783583 ], [ 77.6227141, 12.9782158 ], [ 77.622601, 12.9781963 ], [ 77.6225124, 12.9781578 ], [ 77.6225518, 12.9783362 ], [ 77.6225783, 12.9783501 ] ] ] } },
{ "type": "Feature", "properties": { "object_uuid": "d20ea72d-6a4e-4c9e-9cd3-b79ba00e9c72", "Category": "Stream", "bhucode": "200101004003", "Kharab": "STREAM", "data_source_type": "CADASTRAL_KML", "legal_status": "UNVERIFIED" }, "geometry": { "type": "Polygon", "coordinates": [ [ [ 77.6227213, 12.9783583 ], [ 77.6228672, 12.9783631 ], [ 77.6228621, 12.978235 ], [ 77.6227141, 12.9782158 ], [ 77.6227213, 12.9783583 ] ] ] } },
{ "type": "Feature", "properties": { "object_uuid": "5442734e-f4d6-4253-b3ad-d98b13aff407", "Category": "Stream", "bhucode": "200101004003", "Kharab": "STREAM", "data_source_type": "CADASTRAL_KML", "legal_status": "UNVERIFIED" }, "geometry": { "type": "Polygon", "coordinates": [ [ [ 77.6230306, 12.9782648 ], [ 77.6228621, 12.978235 ], [ 77.6228672, 12.9783631 ], [ 77.6229539, 12.9783688 ], [ 77.6230234, 12.9783956 ], [ 77.6230306, 12.9782648 ] ] ] } },
{ "type": "Feature", "properties": { "object_uuid": "802b8484-41e4-45d8-85a0-2c20a0a251d3", "Category": "Stream", "bhucode": "200101004003", "Kharab": "STREAM", "data_source_type": "CADASTRAL_KML", "legal_status": "UNVERIFIED" }, "geometry": { "type": "Polygon", "coordinates": [ [ [ 77.6232848, 12.9783315 ], [ 77.623174400000011, 12.9782863 ], [ 77.6230306, 12.9782648 ], [ 77.6230234, 12.9783956 ], [ 77.6232872, 12.9784682 ], [ 77.6232848, 12.9783315 ] ] ] } },
{ "type": "Feature", "properties": { "object_uuid": "fe1f9bc0-02f9-408f-be59-946003c2c2c9", "Category": "Road", "bhucode": "200101004003", "Kharab": "ROAD", "data_source_type": "CADASTRAL_KML", "legal_status": "UNVERIFIED" }, "geometry": { "type": "Polygon", "coordinates": [ [ [ 77.6237233, 12.979772 ], [ 77.6244729, 12.9795978 ], [ 77.6244865, 12.9794947 ], [ 77.6236862, 12.9796719 ], [ 77.6235019, 12.9788668 ], [ 77.6234377, 12.9784937 ], [ 77.6234479, 12.9783411 ], [ 77.6233456, 12.9778561 ], [ 77.6234176, 12.9775636 ], [ 77.6233271, 12.9775851 ], [ 77.6232606, 12.9778282 ], [ 77.6232872, 12.9784682 ], [ 77.6233186, 12.9786561 ], [ 77.6235612, 12.979624 ], [ 77.6236793, 12.9801634 ], [ 77.6231232, 12.9803231 ], [ 77.6238909, 12.9804524 ], [ 77.6237233, 12.979772 ] ] ] } },
{ "type": "Feature", "properties": { "object_uuid": "e5a8c1d0-c947-4104-8f19-8eb132f606b3", "Category": "Stream", "bhucode": "200101004003", "Kharab": "STREAM", "data_source_type": "CADASTRAL_KML", "legal_status": "UNVERIFIED" }, "geometry": { "type": "Polygon", "coordinates": [ [ [ 77.6260361, 12.9785434 ], [ 77.6255945, 12.9784797 ], [ 77.6244297, 12.9783554 ], [ 77.6238706, 12.9783312 ], [ 77.6234479, 12.9783411 ], [ 77.6234377, 12.9784937 ], [ 77.6244088, 12.9785644 ], [ 77.6249782, 12.9786685 ], [ 77.6255915, 12.9787507 ], [ 77.626006300000014, 12.9787753 ], [ 77.6260361, 12.9785434 ] ] ] } },
{ "type": "Feature", "properties": { "object_uuid": "000d7273-378b-4112-adcf-5b9e18ffc976", "Category": "Stream", "bhucode": "200101004003", "Kharab": "STREAM", "data_source_type": "CADASTRAL_KML", "legal_status": "UNVERIFIED" }, "geometry": { "type": "Polygon", "coordinates": [ [ [ 77.6279471, 12.9782085 ], [ 77.6279023, 12.978246 ], [ 77.6277288, 12.9783136 ], [ 77.6275586, 12.9783399 ], [ 77.6276231, 12.9784563 ], [ 77.6278991, 12.9784158 ], [ 77.6280048, 12.978384 ], [ 77.6279471, 12.9782085 ] ] ] } },
{ "type": "Feature", "properties": { "object_uuid": "8d3b8534-d341-4f65-ac1f-3fc15f08c481", "Category": "Road", "bhucode": "200101004003", "Kharab": "ROAD", "data_source_type": "CADASTRAL_KML", "legal_status": "UNVERIFIED" }, "geometry": { "type": "Polygon", "coordinates": [ [ [ 77.6227342, 12.9872277 ], [ 77.6225847, 12.9858764 ], [ 77.6226063, 12.984107 ], [ 77.6226853, 12.9835553 ], [ 77.6230474, 12.982132 ], [ 77.6226826, 12.9821535 ], [ 77.6222814, 12.9836162 ], [ 77.6223346, 12.9862917 ], [ 77.6224896, 12.9874714 ], [ 77.6225328, 12.9876302 ], [ 77.6227981, 12.9876154 ], [ 77.6227342, 12.9872277 ] ] ] } },
{ "type": "Feature", "properties": { "object_uuid": "c6149976-5f3a-47ed-8b98-470a87e9b53e", "Category": "Settlement", "bhucode": "200101004003", "Kharab": "MAJARE_KOLLAHALLI", "data_source_type": "CADASTRAL_KML", "legal_status": "UNVERIFIED" }, "geometry": { "type": "Polygon", "coordinates": [ [ [ 77.6244808, 12.9863698 ], [ 77.6240486, 12.9857922 ], [ 77.6236906, 12.9855695 ], [ 77.6234042, 12.9856563 ], [ 77.6234081, 12.9858 ], [ 77.6232769, 12.9859465 ], [ 77.6235572, 12.9864367 ], [ 77.6235103, 12.9867164 ], [ 77.6236951, 12.9867744 ], [ 77.6237967, 12.9869629 ], [ 77.6240599, 12.9869355 ], [ 77.624381, 12.9869317 ], [ 77.6246041, 12.987667 ], [ 77.6250771, 12.9876698 ], [ 77.624905, 12.9866291 ], [ 77.6244808, 12.9863698 ] ] ] } },
{ "type": "Feature", "properties": { "object_uuid": "80812ab1-0a0f-43ad-980d-77525cfdd5d7", "Category": "Road", "bhucode": "200101004003", "Kharab": "ROAD", "data_source_type": "CADASTRAL_KML", "legal_status": "UNVERIFIED" }, "geometry": { "type": "Polygon", "coordinates": [ [ [ 77.624905, 12.9866291 ], [ 77.6252321, 12.9863894 ], [ 77.6267327, 12.9858674 ], [ 77.6278862, 12.9853991 ], [ 77.6274756, 12.9854366 ], [ 77.6267047, 12.9856788 ], [ 77.626420200000013, 12.9858653 ], [ 77.626113, 12.9858511 ], [ 77.6245812, 12.9863559 ], [ 77.6244808, 12.9863698 ], [ 77.624905, 12.9866291 ] ] ] } },
{ "type": "Feature", "properties": { "object_uuid": "eac20d98-1743-4b45-b1aa-1b6e9209bac5", "Category": "Road", "bhucode": "200101004003", "Kharab": "ROAD", "data_source_type": "CADASTRAL_KML", "legal_status": "UNVERIFIED" }, "geometry": { "type": "Polygon", "coordinates": [ [ [ 77.6283694, 12.9845054 ], [ 77.6284551, 12.9842089 ], [ 77.6286949, 12.9832263 ], [ 77.6287977, 12.9826717 ], [ 77.6286632, 12.9818493 ], [ 77.6298654, 12.9816728 ], [ 77.6301421, 12.981647 ], [ 77.6305253, 12.9817718 ], [ 77.6314955, 12.9818602 ], [ 77.6320179, 12.9823322 ], [ 77.6326155, 12.9825479 ], [ 77.63350010000002, 12.9825015 ], [ 77.633547, 12.9823218 ], [ 77.6325178, 12.9822313 ], [ 77.6319095, 12.9818932 ], [ 77.631306, 12.9814493 ], [ 77.6307177, 12.9807779 ], [ 77.6297021, 12.9795383 ], [ 77.6292391, 12.9788575 ], [ 77.6287654, 12.9781955 ], [ 77.6284754, 12.9778328 ], [ 77.6283295, 12.9777102 ], [ 77.6282451, 12.9778213 ], [ 77.6284503, 12.9780916 ], [ 77.628669, 12.9784669 ], [ 77.6289381, 12.9788648 ], [ 77.628763, 12.9800661 ], [ 77.6286459, 12.9807446 ], [ 77.628370800000013, 12.9815044 ], [ 77.6275397, 12.9817165 ], [ 77.6265771, 12.9818751 ], [ 77.6263228, 12.9819395 ], [ 77.6259463, 12.9818259 ], [ 77.625657, 12.9816609 ], [ 77.6245618, 12.9815515 ], [ 77.6246233, 12.981851 ], [ 77.6259369, 12.9821843 ], [ 77.6262382, 12.9822429 ], [ 77.6275877, 12.9819955 ], [ 77.6283094, 12.9819281 ], [ 77.6284839, 12.9826822 ], [ 77.6281917, 12.983905 ], [ 77.6280552, 12.9845266 ], [ 77.6278862, 12.9853991 ], [ 77.6273672, 12.9877326 ], [ 77.6275524, 12.987756 ], [ 77.6282688, 12.9850156 ], [ 77.6283694, 12.9845054 ] ], [ [ 77.6298019, 12.9814074 ], [ 77.6287686, 12.9815604 ], [ 77.628787, 12.9810808 ], [ 77.6289798, 12.9799157 ], [ 77.6291896, 12.9793745 ], [ 77.6292339, 12.9792977 ], [ 77.6295133, 12.9796798 ], [ 77.6301955, 12.9805162 ], [ 77.6305447, 12.981016 ], [ 77.6309263, 12.9813103 ], [ 77.6311998, 12.9815807 ], [ 77.6307325, 12.9815723 ], [ 77.6298019, 12.9814074 ] ] ] } },
{ "type": "Feature", "properties": { "object_uuid": "e115ee77-b664-45cc-9277-a7989fab3b76", "Category": "Stream", "bhucode": "200101004043", "Kharab": "STREAM", "data_source_type": "CADASTRAL_KML", "legal_status": "UNVERIFIED" }, "geometry": { "type": "Polygon", "coordinates": [ [ [ 77.6335976, 12.9799224 ], [ 77.6335251, 12.9798771 ], [ 77.6334727, 12.9799124 ], [ 77.6335624, 12.9801244 ], [ 77.6335717, 12.9802089 ], [ 77.6336068, 12.9802974 ], [ 77.633633500000016, 12.9805068 ], [ 77.6336274, 12.9807707 ], [ 77.6335775, 12.9809016 ], [ 77.6336192, 12.9808693 ], [ 77.633847, 12.9807863 ], [ 77.6338066, 12.9806076 ], [ 77.6338304, 12.9804702 ], [ 77.633806, 12.9802553 ], [ 77.6337374, 12.9801417 ], [ 77.6337156, 12.980025 ], [ 77.6336378, 12.9799831 ], [ 77.6335976, 12.9799224 ] ] ] } },
{ "type": "Feature", "properties": { "object_uuid": "2e93adac-d8f8-4a7e-976a-0bea89ca6280", "Category": "Stream", "bhucode": "200101004043", "Kharab": "STREAM", "data_source_type": "CADASTRAL_KML", "legal_status": "UNVERIFIED" }, "geometry": { "type": "Polygon", "coordinates": [ [ [ 77.633847, 12.9807863 ], [ 77.6336192, 12.9808693 ], [ 77.6335775, 12.9809016 ], [ 77.6339287, 12.9812726 ], [ 77.6347233, 12.9818288 ], [ 77.6351532, 12.9824452 ], [ 77.635365, 12.9823048 ], [ 77.635069, 12.9819881 ], [ 77.6346168, 12.9814624 ], [ 77.6343316, 12.9812808 ], [ 77.6341061, 12.9811886 ], [ 77.633847, 12.9807863 ] ] ] } },
{ "type": "Feature", "properties": { "object_uuid": "24df5037-1802-4cbd-a2ba-77a95caeb369", "Category": "Stream", "bhucode": "200101004043", "Kharab": "STREAM", "data_source_type": "CADASTRAL_KML", "legal_status": "UNVERIFIED" }, "geometry": { "type": "Polygon", "coordinates": [ [ [ 77.6339274, 12.9842935 ], [ 77.6338774, 12.9840032 ], [ 77.6340597, 12.983925 ], [ 77.6341894, 12.9836178 ], [ 77.6350361, 12.983052 ], [ 77.6351894, 12.982827 ], [ 77.6349996, 12.9827138 ], [ 77.63467, 12.9830374 ], [ 77.6340846, 12.9833887 ], [ 77.633905, 12.9837106 ], [ 77.6336523, 12.9839609 ], [ 77.6337597, 12.9843065 ], [ 77.6339274, 12.9842935 ] ] ] } },
{ "type": "Feature", "properties": { "object_uuid": "a4c9c5a5-ebca-48a3-8bb1-47f781638d02", "Category": "Tank", "bhucode": "200101004043", "Kharab": "TANK", "data_source_type": "CADASTRAL_KML", "legal_status": "UNVERIFIED" }, "geometry": { "type": "Polygon", "coordinates": [ [ [ 77.6383415, 12.9881401 ], [ 77.6388083, 12.9880333 ], [ 77.6388168, 12.9878722 ], [ 77.63893760000002, 12.9878312 ], [ 77.6388661, 12.985547 ], [ 77.638784, 12.9850002 ], [ 77.6388101, 12.9843722 ], [ 77.6390368, 12.9842918 ], [ 77.6389704, 12.9841134 ], [ 77.6392521, 12.9836667 ], [ 77.638806, 12.983556 ], [ 77.6381295, 12.9840306 ], [ 77.6377355, 12.9841127 ], [ 77.6374448, 12.9842436 ], [ 77.6372062, 12.9843747 ], [ 77.636837900000017, 12.9843345 ], [ 77.636594, 12.9843933 ], [ 77.6360906, 12.9844011 ], [ 77.6359315, 12.9842252 ], [ 77.6358426, 12.9841584 ], [ 77.6352471, 12.9841234 ], [ 77.6349529, 12.984006 ], [ 77.6346833, 12.9837126 ], [ 77.6343998, 12.9838113 ], [ 77.6344118, 12.9839734 ], [ 77.634762, 12.9844509 ], [ 77.6353372, 12.9850175 ], [ 77.6361621, 12.9860798 ], [ 77.6364092, 12.9864313 ], [ 77.6366329, 12.9870544 ], [ 77.6366931, 12.9873081 ], [ 77.6365445, 12.9873744 ], [ 77.636638, 12.9878271 ], [ 77.6367381, 12.9880365 ], [ 77.6380511, 12.988083 ], [ 77.6383415, 12.9881401 ] ] ] } },
{ "type": "Feature", "properties": { "object_uuid": "9eab6a64-1847-47a3-b908-8ad798f41ddd", "Category": "Stream", "bhucode": "200101004043", "Kharab": "STREAM", "data_source_type": "CADASTRAL_KML", "legal_status": "UNVERIFIED" }, "geometry": { "type": "Polygon", "coordinates": [ [ [ 77.633023, 12.9861087 ], [ 77.6330182, 12.9859934 ], [ 77.633111900000017, 12.9858201 ], [ 77.6331629, 12.9855869 ], [ 77.6333141, 12.9853279 ], [ 77.6334092, 12.9850429 ], [ 77.6335371, 12.9848701 ], [ 77.6336362, 12.9846134 ], [ 77.6336631, 12.9844887 ], [ 77.6337593, 12.9843094 ], [ 77.6336523, 12.9839609 ], [ 77.6336073, 12.9840034 ], [ 77.6335906, 12.9840477 ], [ 77.6335854, 12.9841921 ], [ 77.633537, 12.9843888 ], [ 77.6335504, 12.9845508 ], [ 77.6335315, 12.984628 ], [ 77.633458300000015, 12.9847769 ], [ 77.633354, 12.9848883 ], [ 77.6332717, 12.9850353 ], [ 77.6332044, 12.9852484 ], [ 77.6330635, 12.9854281 ], [ 77.6329928, 12.9857406 ], [ 77.6329507, 12.9858094 ], [ 77.6328619, 12.9859016 ], [ 77.6328371, 12.9859514 ], [ 77.6328131, 12.9860896 ], [ 77.633023, 12.9861087 ] ] ] } },
{ "type": "Feature", "properties": { "object_uuid": "2f1b48ae-3aa4-4b33-a70c-df849027b2bb", "Category": "Road", "bhucode": "200101004043", "Kharab": "ROAD", "data_source_type": "CADASTRAL_KML", "legal_status": "UNVERIFIED" }, "geometry": { "type": "Polygon", "coordinates": [ [ [ 77.6353871, 12.9863632 ], [ 77.6343095, 12.9848726 ], [ 77.6339818, 12.9844586 ], [ 77.6339274, 12.9842935 ], [ 77.6337597, 12.9843065 ], [ 77.633719900000017, 12.9845632 ], [ 77.6339475, 12.984547 ], [ 77.6343253, 12.9850216 ], [ 77.6348092, 12.9857641 ], [ 77.6349146, 12.9860155 ], [ 77.6352301, 12.9863552 ], [ 77.6353871, 12.9863632 ] ] ] } },
{ "type": "Feature", "properties": { "object_uuid": "c95b73c6-6136-4d4d-8783-76dfa42d49de", "Category": "Settlement", "bhucode": "200101004043", "Kharab": "PALYA_KADAREE", "data_source_type": "CADASTRAL_KML", "legal_status": "UNVERIFIED" }, "geometry": { "type": "Polygon", "coordinates": [ [ [ 77.63595, 12.9869297 ], [ 77.6359316, 12.9865881 ], [ 77.6355791, 12.986369 ], [ 77.6352301, 12.9863552 ], [ 77.6350537, 12.9863673 ], [ 77.6349915, 12.9864587 ], [ 77.6348733, 12.9868057 ], [ 77.6350482, 12.9871116 ], [ 77.6351112, 12.987486 ], [ 77.6353822, 12.9875178 ], [ 77.6357504, 12.9875178 ], [ 77.636008, 12.9873501 ], [ 77.6360653, 12.987083 ], [ 77.63595, 12.9869297 ] ] ] } },
{ "type": "Feature", "properties": { "object_uuid": "8f0f79e5-4367-4693-b468-131799affd64", "Category": "Road", "bhucode": "200401003029", "Kharab": "ROAD", "data_source_type": "CADASTRAL_KML", "legal_status": "UNVERIFIED" }, "geometry": { "type": "Polygon", "coordinates": [ [ [ 77.663723, 12.9642909 ], [ 77.664016, 12.963947 ], [ 77.6646994, 12.9623685 ], [ 77.6653003, 12.9616518 ], [ 77.6659846, 12.9607936 ], [ 77.6662519, 12.9600773 ], [ 77.6666094, 12.9586093 ], [ 77.6672098, 12.956549 ], [ 77.667009, 12.9568164 ], [ 77.6669521, 12.9567514 ], [ 77.6668204, 12.9566724 ], [ 77.6665403, 12.9575663 ], [ 77.6664426, 12.9582973 ], [ 77.665033, 12.9585841 ], [ 77.663539, 12.9587882 ], [ 77.6635392, 12.9583557 ], [ 77.6636458, 12.957623 ], [ 77.663719200000017, 12.9565987 ], [ 77.663769, 12.9561838 ], [ 77.6636187, 12.9556786 ], [ 77.6632858, 12.9550862 ], [ 77.663002700000021, 12.954634 ], [ 77.6627797, 12.9543744 ], [ 77.662619, 12.9544586 ], [ 77.6626992, 12.9546396 ], [ 77.6628684, 12.9546839 ], [ 77.6632676, 12.955483 ], [ 77.6633105, 12.9559072 ], [ 77.6635479, 12.9559422 ], [ 77.6635838, 12.95658 ], [ 77.6634744, 12.9572952 ], [ 77.6635303, 12.9576145 ], [ 77.6635331, 12.9579866 ], [ 77.6634167, 12.9580495 ], [ 77.6634475, 12.95878 ], [ 77.6623693, 12.9590938 ], [ 77.6607744, 12.9592224 ], [ 77.6602498, 12.9591044 ], [ 77.6595524, 12.9589074 ], [ 77.6585951, 12.9589631 ], [ 77.657367, 12.9591777 ], [ 77.656772, 12.9592449 ], [ 77.6567799, 12.9593614 ], [ 77.657568400000017, 12.9594691 ], [ 77.657657, 12.9594236 ], [ 77.6586068, 12.9591865 ], [ 77.6597689, 12.9592429 ], [ 77.6604204, 12.9593461 ], [ 77.6606306, 12.9593586 ], [ 77.6607045, 12.9594938 ], [ 77.6624567, 12.9593088 ], [ 77.662505, 12.9594677 ], [ 77.6629944, 12.9607767 ], [ 77.661872, 12.9610052 ], [ 77.661747, 12.9611157 ], [ 77.6629238, 12.960989 ], [ 77.6633116, 12.9608947 ], [ 77.6634711, 12.9608385 ], [ 77.664186, 12.9608036 ], [ 77.665302100000019, 12.960808 ], [ 77.6655326, 12.9608248 ], [ 77.6643261, 12.9626283 ], [ 77.663509, 12.9641613 ], [ 77.663723, 12.9642909 ] ], [ [ 77.6635265, 12.9590342 ], [ 77.666362, 12.9585244 ], [ 77.6661151, 12.9592647 ], [ 77.665813, 12.9606681 ], [ 77.6656225, 12.9606508 ], [ 77.664115, 12.960653 ], [ 77.6631701, 12.9606929 ], [ 77.6627039, 12.9597269 ], [ 77.6625309, 12.9592453 ], [ 77.6635265, 12.9590342 ] ] ] } },
{ "type": "Feature", "properties": { "object_uuid": "d6ef91c6-7327-4116-b3b4-102e8c7338d1", "Category": "Road", "bhucode": "200401002046", "Kharab": "ROAD", "data_source_type": "CADASTRAL_KML", "legal_status": "UNVERIFIED" }, "geometry": { "type": "Polygon", "coordinates": [ [ [ 77.6641503, 12.9639184 ], [ 77.6646911, 12.9628671 ], [ 77.6648679, 12.9625788 ], [ 77.6650761, 12.9623341 ], [ 77.6658048, 12.9615847 ], [ 77.6663282, 12.9607942 ], [ 77.6671071, 12.9607244 ], [ 77.6676623, 12.9606976 ], [ 77.6682085, 12.96069 ], [ 77.6689963, 12.960727 ], [ 77.669375, 12.9608468 ], [ 77.6703531, 12.9610983 ], [ 77.6715561, 12.9608836 ], [ 77.6715412, 12.9607606 ], [ 77.6702563, 12.9609726 ], [ 77.6694134, 12.9607308 ], [ 77.6693195, 12.9606757 ], [ 77.6690318, 12.9606179 ], [ 77.6682491, 12.9605564 ], [ 77.666561500000014, 12.9606052 ], [ 77.666577, 12.9603564 ], [ 77.6667947, 12.959715 ], [ 77.6669406, 12.9591544 ], [ 77.6672115, 12.9583665 ], [ 77.6695879, 12.9581751 ], [ 77.6709226, 12.9581035 ], [ 77.6729268, 12.957881 ], [ 77.6746763, 12.9571774 ], [ 77.6761214, 12.9565041 ], [ 77.6775679, 12.9557996 ], [ 77.6780963, 12.9555568 ], [ 77.6799713, 12.954799 ], [ 77.6804594, 12.9547197 ], [ 77.6819477, 12.9547916 ], [ 77.6843742, 12.9549866 ], [ 77.6855801, 12.9551017 ], [ 77.6862091, 12.9552942 ], [ 77.6868918, 12.9553274 ], [ 77.6868972, 12.9552081 ], [ 77.688531, 12.9553566 ], [ 77.68856, 12.9552291 ], [ 77.6881135, 12.9551436 ], [ 77.6869722, 12.9550503 ], [ 77.6831055, 12.954628 ], [ 77.6816736, 12.9545121 ], [ 77.681325, 12.9545046 ], [ 77.6800575, 12.95452 ], [ 77.6783106, 12.9552089 ], [ 77.6761618, 12.9562391 ], [ 77.6741961, 12.9571533 ], [ 77.6728318, 12.9576589 ], [ 77.6710112, 12.9579054 ], [ 77.6695464, 12.9579518 ], [ 77.6671644, 12.9581693 ], [ 77.6672251, 12.957825 ], [ 77.6673169, 12.9575831 ], [ 77.6675969, 12.956694 ], [ 77.6675748, 12.9566136 ], [ 77.6672098, 12.956549 ], [ 77.6666094, 12.9586093 ], [ 77.6662519, 12.9600773 ], [ 77.6659846, 12.9607936 ], [ 77.6653003, 12.9616518 ], [ 77.6646994, 12.9623685 ], [ 77.664016, 12.963947 ], [ 77.6641503, 12.9639184 ] ] ] } },
{ "type": "Feature", "properties": { "object_uuid": "fcdf36bb-fc15-4a18-aa3d-b1eb45d5f552", "Category": "Stream", "bhucode": "200401003028", "Kharab": "STREAM", "data_source_type": "CADASTRAL_KML", "legal_status": "UNVERIFIED" }, "geometry": { "type": "Polygon", "coordinates": [ [ [ 77.6531786, 12.9627495 ], [ 77.6553994, 12.9625643 ], [ 77.6560592, 12.962226 ], [ 77.6559979, 12.9621007 ], [ 77.655381500000018, 12.9624266 ], [ 77.6547881, 12.9624237 ], [ 77.6532078, 12.9625699 ], [ 77.6531786, 12.9627495 ] ] ] } },
{ "type": "Feature", "properties": { "object_uuid": "8d57e812-0d68-4fdf-92b9-10ae6e9edf8e", "Category": "Settlement", "bhucode": "200401003028", "Kharab": "PALYA_MURUGENA", "data_source_type": "CADASTRAL_KML", "legal_status": "UNVERIFIED" }, "geometry": { "type": "Polygon", "coordinates": [ [ [ 77.6551002, 12.9578295 ], [ 77.6548154, 12.9569047 ], [ 77.6552565, 12.9568366 ], [ 77.6550727, 12.9567171 ], [ 77.6544169, 12.9567503 ], [ 77.6544796, 12.9559956 ], [ 77.6543444, 12.9558735 ], [ 77.6539886, 12.9559592 ], [ 77.6541468, 12.9566664 ], [ 77.6539881, 12.9569276 ], [ 77.6539942, 12.9570151 ], [ 77.654096, 12.9574533 ], [ 77.6542462, 12.9574638 ], [ 77.654383300000021, 12.9579613 ], [ 77.6550012, 12.9578687 ], [ 77.6551002, 12.9578295 ] ] ] } },
{ "type": "Feature", "properties": { "object_uuid": "b5286565-7139-4327-82b3-1cf361d853f1", "Category": "Stream", "bhucode": "200401003028", "Kharab": "STREAM", "data_source_type": "CADASTRAL_KML", "legal_status": "UNVERIFIED" }, "geometry": { "type": "Polygon", "coordinates": [ [ [ 77.6546311, 12.9651504 ], [ 77.6546592, 12.9651525 ], [ 77.6547603, 12.9650885 ], [ 77.6547987, 12.9650819 ], [ 77.6548794, 12.9651116 ], [ 77.6550247, 12.9651216 ], [ 77.6552165, 12.9650989 ], [ 77.6553467, 12.9647734 ], [ 77.6553651, 12.9642167 ], [ 77.6551911, 12.9642607 ], [ 77.6551998, 12.9645283 ], [ 77.6551509, 12.9648612 ], [ 77.6551012, 12.9649161 ], [ 77.65499410000001, 12.9649944 ], [ 77.6549492, 12.9650593 ], [ 77.6548865, 12.9650421 ], [ 77.6548268, 12.9650058 ], [ 77.6547921, 12.9650092 ], [ 77.6546616, 12.9650803 ], [ 77.6546311, 12.9651504 ] ] ] } },
{ "type": "Feature", "properties": { "object_uuid": "f937646c-26be-49ed-8942-09c77319b543", "Category": "Road", "bhucode": "200401003028", "Kharab": "ROAD", "data_source_type": "CADASTRAL_KML", "legal_status": "UNVERIFIED" }, "geometry": { "type": "Polygon", "coordinates": [ [ [ 77.6450122, 12.9642515 ], [ 77.646779800000019, 12.9638176 ], [ 77.6471024, 12.9637633 ], [ 77.6470877, 12.9636732 ], [ 77.6458472, 12.9639135 ], [ 77.6449539, 12.9641415 ], [ 77.6438904, 12.9643727 ], [ 77.6437997, 12.9639029 ], [ 77.6436088, 12.9631124 ], [ 77.643568, 12.9628833 ], [ 77.643505, 12.9626819 ], [ 77.6435078, 12.961661 ], [ 77.6434752, 12.9612133 ], [ 77.643512, 12.960539 ], [ 77.6436642, 12.9605316 ], [ 77.6438516, 12.9604202 ], [ 77.6443281, 12.9604444 ], [ 77.6450665, 12.9603816 ], [ 77.6472699, 12.9601016 ], [ 77.6478609, 12.9600741 ], [ 77.6499522, 12.9599062 ], [ 77.6510325, 12.9597609 ], [ 77.6523022, 12.9596994 ], [ 77.6524698, 12.9597304 ], [ 77.6526973, 12.9596557 ], [ 77.6532809, 12.9596621 ], [ 77.6541657, 12.9595551 ], [ 77.6552754, 12.9595109 ], [ 77.6556111, 12.9605415 ], [ 77.6544963, 12.9609216 ], [ 77.6536492, 12.9613071 ], [ 77.6531351, 12.9614962 ], [ 77.6524609, 12.9617793 ], [ 77.6519315, 12.961983 ], [ 77.65133560000001, 12.9622695 ], [ 77.6510019, 12.9624874 ], [ 77.6506407, 12.9626576 ], [ 77.6501086, 12.9627711 ], [ 77.6495819, 12.9630352 ], [ 77.649373, 12.9630571 ], [ 77.6492548, 12.9629594 ], [ 77.6490144, 12.9630312 ], [ 77.6490107, 12.9632435 ], [ 77.6486405, 12.9632367 ], [ 77.6485173, 12.9639662 ], [ 77.6489182, 12.9635003 ], [ 77.6492883, 12.9635432 ], [ 77.6501352, 12.9631794 ], [ 77.6501148, 12.9630358 ], [ 77.6505876, 12.9628884 ], [ 77.651215, 12.9627785 ], [ 77.6511531, 12.9625139 ], [ 77.6516759, 12.9623016 ], [ 77.6530538, 12.9618494 ], [ 77.6540044, 12.9614029 ], [ 77.6544791, 12.9613364 ], [ 77.6550177, 12.9610823 ], [ 77.6555287, 12.9609742 ], [ 77.6557886, 12.9616246 ], [ 77.6560592, 12.962226 ], [ 77.6565864, 12.962913 ], [ 77.6566018, 12.9631079 ], [ 77.6568447, 12.9629785 ], [ 77.6564262, 12.9624911 ], [ 77.656146, 12.9621103 ], [ 77.6557104, 12.9609214 ], [ 77.6570093, 12.9606626 ], [ 77.656989, 12.9605477 ], [ 77.6557931, 12.9607673 ], [ 77.6554786, 12.9594988 ], [ 77.6566055, 12.95937 ], [ 77.6567799, 12.9593614 ], [ 77.656772, 12.9592449 ], [ 77.6565019, 12.959215 ], [ 77.6553082, 12.9593773 ], [ 77.6552614, 12.9592316 ], [ 77.6554348, 12.9591132 ], [ 77.6551002, 12.9578295 ], [ 77.6550012, 12.9578687 ], [ 77.6553108, 12.9590098 ], [ 77.6550858, 12.9591112 ], [ 77.6551257, 12.9593533 ], [ 77.6524982, 12.9594553 ], [ 77.6510012, 12.9596171 ], [ 77.6504509, 12.9596483 ], [ 77.6491553, 12.9598427 ], [ 77.647027, 12.9599976 ], [ 77.6447963, 12.9602611 ], [ 77.6442068, 12.96022 ], [ 77.643494, 12.9602977 ], [ 77.6426897, 12.9603659 ], [ 77.64263990000002, 12.9605907 ], [ 77.6433887, 12.9605341 ], [ 77.6433561, 12.9612762 ], [ 77.6433874, 12.9613487 ], [ 77.6434092, 12.961738 ], [ 77.6433899, 12.9626228 ], [ 77.6436411, 12.9636729 ], [ 77.64378720000002, 12.9644053 ], [ 77.64389850000002, 12.9644785 ], [ 77.6450122, 12.9642515 ] ] ] } },
{ "type": "Feature", "properties": { "object_uuid": "8d5871d0-bbc9-4909-8707-4e61fe3b5234", "Category": "Stream", "bhucode": "200401003028", "Kharab": "STREAM", "data_source_type": "CADASTRAL_KML", "legal_status": "UNVERIFIED" }, "geometry": { "type": "Polygon", "coordinates": [ [ [ 77.6482018, 12.9608287 ], [ 77.6481393, 12.9607858 ], [ 77.6477846, 12.9603804 ], [ 77.6476024, 12.9602439 ], [ 77.6474264, 12.9602194 ], [ 77.6472815, 12.960212 ], [ 77.645198500000021, 12.9605908 ], [ 77.6443283, 12.9605436 ], [ 77.6438516, 12.9604202 ], [ 77.6436642, 12.9605316 ], [ 77.644875, 12.9607953 ], [ 77.6451203, 12.9606784 ], [ 77.6456062, 12.9606878 ], [ 77.646254, 12.9605617 ], [ 77.6471076, 12.9603369 ], [ 77.6473494, 12.960355 ], [ 77.6476553, 12.960446 ], [ 77.6479704, 12.9608582 ], [ 77.6482018, 12.9608287 ] ] ] } },
{ "type": "Feature", "properties": { "object_uuid": "b9f481b8-8cce-4949-b279-4d3363ff0eaf", "Category": "Road", "bhucode": "200401003028", "Kharab": "ROAD", "data_source_type": "CADASTRAL_KML", "legal_status": "UNVERIFIED" }, "geometry": { "type": "Polygon", "coordinates": [ [ [ 77.652851, 12.9570435 ], [ 77.6531174, 12.9569924 ], [ 77.6539942, 12.9570151 ], [ 77.6539881, 12.9569276 ], [ 77.6531331, 12.9568658 ], [ 77.6519855, 12.9570999 ], [ 77.6519901, 12.9572308 ], [ 77.6523432, 12.957193 ], [ 77.652851, 12.9570435 ] ] ] } },
{ "type": "Feature", "properties": { "object_uuid": "95ba2f86-1a67-4258-b942-a4e936ddcb07", "Category": "Tank", "bhucode": "200401003028", "Kharab": "TANK", "data_source_type": "CADASTRAL_KML", "legal_status": "UNVERIFIED" }, "geometry": { "type": "Polygon", "coordinates": [ [ [ 77.6527131, 12.9590441 ], [ 77.6526406, 12.9585001 ], [ 77.6521873, 12.9584899 ], [ 77.6521746, 12.9586121 ], [ 77.652404, 12.9590666 ], [ 77.6527131, 12.9590441 ] ] ] } },
{ "type": "Feature", "properties": { "object_uuid": "b2ed79f6-c46b-45a7-8c2f-88375b389062", "Category": "Stream", "bhucode": "200401003028", "Kharab": "STREAM", "data_source_type": "CADASTRAL_KML", "legal_status": "UNVERIFIED" }, "geometry": { "type": "Polygon", "coordinates": [ [ [ 77.6531786, 12.9627495 ], [ 77.6532078, 12.9625699 ], [ 77.6530423, 12.9625575 ], [ 77.6528948, 12.9625511 ], [ 77.6526475, 12.9625702 ], [ 77.6525375, 12.9626564 ], [ 77.6527976, 12.9626675 ], [ 77.6529894, 12.9627188 ], [ 77.6531786, 12.9627495 ] ] ] } },
{ "type": "Feature", "properties": { "object_uuid": "28534b9d-6aa2-4244-944e-769bd494c989", "Category": "Tank", "bhucode": "200401003028", "Kharab": "TANK", "data_source_type": "CADASTRAL_KML", "legal_status": "UNVERIFIED" }, "geometry": { "type": "Polygon", "coordinates": [ [ [ 77.6522727, 12.9632557 ], [ 77.652218500000018, 12.9628798 ], [ 77.6519073, 12.9628703 ], [ 77.65185480000001, 12.9627995 ], [ 77.6515793, 12.9628424 ], [ 77.6520751, 12.9634084 ], [ 77.6522727, 12.9632557 ] ] ] } },
{ "type": "Feature", "properties": { "object_uuid": "acc16280-7664-4424-8f95-f4c5bb52aaf1", "Category": "Stream", "bhucode": "200401003029", "Kharab": "STREAM", "data_source_type": "CADASTRAL_KML", "legal_status": "UNVERIFIED" }, "geometry": { "type": "Polygon", "coordinates": [ [ [ 77.6579145, 12.9602146 ], [ 77.6578647, 12.9598799 ], [ 77.6577362, 12.9594039 ], [ 77.657657, 12.9594236 ], [ 77.657568400000017, 12.9594691 ], [ 77.6576264, 12.9596046 ], [ 77.6576989, 12.9598711 ], [ 77.6577439, 12.9602416 ], [ 77.6579145, 12.9602146 ] ] ] } },
{ "type": "Feature", "properties": { "object_uuid": "2480dfbf-0c22-477f-9894-2a927f9b30bf", "Category": "Stream", "bhucode": "200401003029", "Kharab": "STREAM", "data_source_type": "CADASTRAL_KML", "legal_status": "UNVERIFIED" }, "geometry": { "type": "Polygon", "coordinates": [ [ [ 77.6578942, 12.9610838 ], [ 77.6579187, 12.9604288 ], [ 77.6579145, 12.9602146 ], [ 77.6577439, 12.9602416 ], [ 77.6577825, 12.9606927 ], [ 77.6577561, 12.9610164 ], [ 77.6578942, 12.9610838 ] ] ] } },
{ "type": "Feature", "properties": { "object_uuid": "f5505bb6-d972-4d8c-b898-d3c9d4ed9486", "Category": "Stream", "bhucode": "200401003029", "Kharab": "STREAM", "data_source_type": "CADASTRAL_KML", "legal_status": "UNVERIFIED" }, "geometry": { "type": "Polygon", "coordinates": [ [ [ 77.6578732, 12.9623477 ], [ 77.6579017, 12.9620355 ], [ 77.6578738, 12.96134 ], [ 77.6578942, 12.9610838 ], [ 77.6577561, 12.9610164 ], [ 77.657723, 12.9612474 ], [ 77.6577773, 12.9618121 ], [ 77.6577711, 12.9627278 ], [ 77.657866, 12.9627078 ], [ 77.6578732, 12.9623477 ] ] ] } },
{ "type": "Feature", "properties": { "object_uuid": "175b6d89-840e-425a-8f4b-7c47882deae5", "Category": "Stream", "bhucode": "200101004023", "Kharab": "STREAM", "data_source_type": "CADASTRAL_KML", "legal_status": "UNVERIFIED" }, "geometry": { "type": "Polygon", "coordinates": [ [ [ 77.6418814, 12.9575187 ], [ 77.6417961, 12.9574095 ], [ 77.6416468, 12.9573932 ], [ 77.6417281, 12.9574564 ], [ 77.6417784, 12.9575257 ], [ 77.6418476, 12.957575 ], [ 77.6418814, 12.9575187 ] ] ] } },
{ "type": "Feature", "properties": { "object_uuid": "a7e0e517-c006-408e-a86e-f2432195fba7", "Category": "Road", "bhucode": "200101004023", "Kharab": "ROAD", "data_source_type": "CADASTRAL_KML", "legal_status": "UNVERIFIED" }, "geometry": { "type": "Polygon", "coordinates": [ [ [ 77.639067400000016, 12.9608707 ], [ 77.6396745, 12.9609168 ], [ 77.640136, 12.9608391 ], [ 77.6420348, 12.9605801 ], [ 77.6422303, 12.9605956 ], [ 77.6423716, 12.9605846 ], [ 77.64264, 12.9605902 ], [ 77.6426897, 12.9603659 ], [ 77.6423975, 12.9604021 ], [ 77.6422047, 12.960403 ], [ 77.6404909, 12.9605947 ], [ 77.6396233, 12.9606686 ], [ 77.6381147, 12.9608568 ], [ 77.6373856, 12.9610635 ], [ 77.637492, 12.9612356 ], [ 77.639067400000016, 12.9608707 ] ] ] } },
{ "type": "Feature", "properties": { "object_uuid": "95db6c4e-e605-4f18-be2c-d10b150d7246", "Category": "Stream", "bhucode": "200401003028", "Kharab": "STREAM", "data_source_type": "CADASTRAL_KML", "legal_status": "UNVERIFIED" }, "geometry": { "type": "Polygon", "coordinates": [ [ [ 77.6562821, 12.9655641 ], [ 77.6562479, 12.9653126 ], [ 77.655879400000018, 12.9637445 ], [ 77.6559398, 12.9635734 ], [ 77.6564263, 12.9634198 ], [ 77.6567665, 12.9631917 ], [ 77.6573079, 12.9631899 ], [ 77.6577224, 12.9632851 ], [ 77.6576197, 12.9629642 ], [ 77.6568447, 12.9629785 ], [ 77.656317800000011, 12.963251 ], [ 77.6558904, 12.9633228 ], [ 77.6557534, 12.9636974 ], [ 77.6552003, 12.9637546 ], [ 77.6551911, 12.9642607 ], [ 77.6553651, 12.9642167 ], [ 77.6554143, 12.9639252 ], [ 77.6554934, 12.9638571 ], [ 77.6556068, 12.9638402 ], [ 77.6557214, 12.9638516 ], [ 77.6557704, 12.96388 ], [ 77.655929, 12.9644246 ], [ 77.656124, 12.9655757 ], [ 77.6562821, 12.9655641 ] ] ] } },
{ "type": "Feature", "properties": { "object_uuid": "b12b65ba-a302-4cbf-a8ce-70b3acea21fc", "Category": "Stream", "bhucode": "200401003029", "Kharab": "STREAM", "data_source_type": "CADASTRAL_KML", "legal_status": "UNVERIFIED" }, "geometry": { "type": "Polygon", "coordinates": [ [ [ 77.6577224, 12.9632851 ], [ 77.6578506, 12.9629381 ], [ 77.657866, 12.9627078 ], [ 77.6577711, 12.9627278 ], [ 77.6577307, 12.9628849 ], [ 77.6576882, 12.9629464 ], [ 77.6576197, 12.9629642 ], [ 77.6577224, 12.9632851 ] ] ] } },
{ "type": "Feature", "properties": { "object_uuid": "74dcd999-a3ac-458c-8048-e540b0fbfaa6", "Category": "Tank", "bhucode": "200401003029", "Kharab": "TANK", "data_source_type": "CADASTRAL_KML", "legal_status": "UNVERIFIED" }, "geometry": { "type": "Polygon", "coordinates": [ [ [ 77.6635688, 12.9615203 ], [ 77.6641286, 12.9614217 ], [ 77.664186, 12.9608036 ], [ 77.6634711, 12.9608385 ], [ 77.6635688, 12.9615203 ] ] ] } },
{ "type": "Feature", "properties": { "object_uuid": "4fa4a81a-8926-4ef1-8b2c-d29bfb20f965", "Category": "Stream", "bhucode": "200101004023", "Kharab": "STREAM", "data_source_type": "CADASTRAL_KML", "legal_status": "UNVERIFIED" }, "geometry": { "type": "Polygon", "coordinates": [ [ [ 77.64064, 12.9629029 ], [ 77.6407141, 12.9628758 ], [ 77.6409645, 12.9628562 ], [ 77.6413929, 12.9626961 ], [ 77.641161, 12.9626547 ], [ 77.640905, 12.9626785 ], [ 77.6407359, 12.9627439 ], [ 77.6404785, 12.962801 ], [ 77.6402924, 12.9629004 ], [ 77.6400671, 12.9629345 ], [ 77.6400073, 12.9629236 ], [ 77.6399819, 12.9629888 ], [ 77.64064, 12.9629029 ] ] ] } },
{ "type": "Feature", "properties": { "object_uuid": "0164cde0-43a5-4568-b470-56380afc780b", "Category": "Stream", "bhucode": "200401003028", "Kharab": "STREAM", "data_source_type": "CADASTRAL_KML", "legal_status": "UNVERIFIED" }, "geometry": { "type": "Polygon", "coordinates": [ [ [ 77.6485068, 12.9609861 ], [ 77.6484811, 12.9608747 ], [ 77.6482018, 12.9608287 ], [ 77.6479704, 12.9608582 ], [ 77.6481918, 12.9609391 ], [ 77.64836, 12.9609711 ], [ 77.6485068, 12.9609861 ] ] ] } },
{ "type": "Feature", "properties": { "object_uuid": "f6559189-d5c1-49e8-a040-90a90a6597cb", "Category": "Settlement", "bhucode": "200401003028", "Kharab": "SETTLEMENT", "data_source_type": "CADASTRAL_KML", "legal_status": "UNVERIFIED" }, "geometry": { "type": "Polygon", "coordinates": [ [ [ 77.6485565, 12.964263 ], [ 77.6485173, 12.9639662 ], [ 77.6486405, 12.9632367 ], [ 77.6483791, 12.9628415 ], [ 77.6483126, 12.9626343 ], [ 77.6480489, 12.9625093 ], [ 77.6479891, 12.9623475 ], [ 77.647801300000012, 12.9623765 ], [ 77.6475713, 12.9625315 ], [ 77.6474542, 12.9627025 ], [ 77.647317, 12.9626929 ], [ 77.6471831, 12.9627908 ], [ 77.6472032, 12.963063 ], [ 77.6470491, 12.9630717 ], [ 77.6471162, 12.9633802 ], [ 77.6470877, 12.9636732 ], [ 77.6471024, 12.9637633 ], [ 77.6472924, 12.9639728 ], [ 77.647195, 12.9640573 ], [ 77.6472972, 12.9641736 ], [ 77.647661, 12.9642061 ], [ 77.6478701, 12.9645469 ], [ 77.647873, 12.9647418 ], [ 77.6486106, 12.9643614 ], [ 77.6485565, 12.964263 ] ] ] } },
{ "type": "Feature", "properties": { "object_uuid": "60ce6852-907a-44c2-991a-ad32e811d132", "Category": "Road", "bhucode": "200401003028", "Kharab": "ROAD", "data_source_type": "CADASTRAL_KML", "legal_status": "UNVERIFIED" }, "geometry": { "type": "Polygon", "coordinates": [ [ [ 77.646849, 12.9643775 ], [ 77.6469577, 12.9642713 ], [ 77.6472972, 12.9641736 ], [ 77.647195, 12.9640573 ], [ 77.6469012, 12.9641341 ], [ 77.6467807, 12.9642906 ], [ 77.646849, 12.9643775 ] ] ] } },
{ "type": "Feature", "properties": { "object_uuid": "2b54e083-b832-4eeb-abb5-b4354481d24c", "Category": "Stream", "bhucode": "200401003028", "Kharab": "STREAM", "data_source_type": "CADASTRAL_KML", "legal_status": "UNVERIFIED" }, "geometry": { "type": "Polygon", "coordinates": [ [ [ 77.6486092, 12.9664435 ], [ 77.6486125, 12.9663544 ], [ 77.6486511, 12.9662292 ], [ 77.6487786, 12.9660799 ], [ 77.6487272, 12.9659854 ], [ 77.6486219, 12.9661029 ], [ 77.6485252, 12.9661585 ], [ 77.6484938, 12.9662197 ], [ 77.648488, 12.9662812 ], [ 77.6485941, 12.9664827 ], [ 77.6486092, 12.9664435 ] ] ] } },
{ "type": "Feature", "properties": { "object_uuid": "e350567f-0a69-4c4f-861c-d2fc35b0a82b", "Category": "Stream", "bhucode": "200401003028", "Kharab": "STREAM", "data_source_type": "CADASTRAL_KML", "legal_status": "UNVERIFIED" }, "geometry": { "type": "Polygon", "coordinates": [ [ [ 77.648815, 12.966065 ], [ 77.6488618, 12.966005 ], [ 77.6488089, 12.9659111 ], [ 77.6487741, 12.9659271 ], [ 77.6487602, 12.9659726 ], [ 77.6487272, 12.9659854 ], [ 77.6487786, 12.9660799 ], [ 77.648815, 12.966065 ] ] ] } },
{ "type": "Feature", "properties": { "object_uuid": "d79ec6dc-8125-406e-92ff-a4e145432e3c", "Category": "Stream", "bhucode": "200401003028", "Kharab": "STREAM", "data_source_type": "CADASTRAL_KML", "legal_status": "UNVERIFIED" }, "geometry": { "type": "Polygon", "coordinates": [ [ [ 77.6496746, 12.9641377 ], [ 77.6497293, 12.9642874 ], [ 77.6499444, 12.9642934 ], [ 77.6500649, 12.9642306 ], [ 77.6501942, 12.9642191 ], [ 77.6503054, 12.9641417 ], [ 77.6501256, 12.9640974 ], [ 77.6499528, 12.964097 ], [ 77.6498099, 12.9641393 ], [ 77.6496746, 12.9641377 ] ] ] } },
{ "type": "Feature", "properties": { "object_uuid": "455d3e36-072f-4493-af28-f77792387b85", "Category": "Tank", "bhucode": "200401002028", "Kharab": "TANK", "data_source_type": "CADASTRAL_KML", "legal_status": "UNVERIFIED" }, "geometry": { "type": "Polygon", "coordinates": [ [ [ 77.6460534, 12.9681298 ], [ 77.6461773, 12.9681936 ], [ 77.6468021, 12.9680919 ], [ 77.6442171, 12.9663546 ], [ 77.6442056, 12.9662846 ], [ 77.6426575, 12.9664631 ], [ 77.6425598, 12.9667384 ], [ 77.6427185, 12.9669933 ], [ 77.6427449, 12.9669741 ], [ 77.6433158, 12.9670267 ], [ 77.6440046, 12.9670246 ], [ 77.6440872, 12.9671729 ], [ 77.6444553, 12.9671728 ], [ 77.6444698, 12.9672393 ], [ 77.6449005, 12.9672192 ], [ 77.6449568, 12.9673406 ], [ 77.645159, 12.9673798 ], [ 77.6452203, 12.9675545 ], [ 77.645444, 12.9675547 ], [ 77.6455629, 12.9675967 ], [ 77.6455958, 12.9678168 ], [ 77.6457179, 12.9677916 ], [ 77.6459493, 12.9681331 ], [ 77.6460534, 12.9681298 ] ] ] } },
{ "type": "Feature", "properties": { "object_uuid": "27fd24ab-fd4b-469a-98eb-2883b5005aab", "Category": "Tank", "bhucode": "200401003028", "Kharab": "TANK", "data_source_type": "CADASTRAL_KML", "legal_status": "UNVERIFIED" }, "geometry": { "type": "Polygon", "coordinates": [ [ [ 77.6482581, 12.9686897 ], [ 77.6484024, 12.968531 ], [ 77.6480034, 12.9678809 ], [ 77.6480325, 12.9676708 ], [ 77.6476721, 12.9670069 ], [ 77.64735, 12.9663513 ], [ 77.6471247, 12.9660532 ], [ 77.646505, 12.9644395 ], [ 77.6462857, 12.9645043 ], [ 77.6461172, 12.965145 ], [ 77.6459075, 12.9655871 ], [ 77.645789, 12.965588 ], [ 77.6454719, 12.965961 ], [ 77.6452847, 12.9660669 ], [ 77.6446204, 12.966344 ], [ 77.6444403, 12.9662786 ], [ 77.6442171, 12.9663546 ], [ 77.64781, 12.9687573 ], [ 77.6480362, 12.9687561 ], [ 77.6482581, 12.9686897 ] ] ] } },
{ "type": "Feature", "properties": { "object_uuid": "c47d7e82-25f9-4993-bac1-200829612dcd", "Category": "Stream", "bhucode": "200401003028", "Kharab": "STREAM", "data_source_type": "CADASTRAL_KML", "legal_status": "UNVERIFIED" }, "geometry": { "type": "Polygon", "coordinates": [ [ [ 77.6470236, 12.9652217 ], [ 77.6470967, 12.9651104 ], [ 77.6472516, 12.9651089 ], [ 77.6480916, 12.9648161 ], [ 77.6485968, 12.9644909 ], [ 77.6487625, 12.9645066 ], [ 77.6491115, 12.9643735 ], [ 77.6492309, 12.9644714 ], [ 77.6497293, 12.9642874 ], [ 77.6496746, 12.9641377 ], [ 77.6492675, 12.9642935 ], [ 77.6491184, 12.9642281 ], [ 77.6486106, 12.9643614 ], [ 77.647873, 12.9647418 ], [ 77.6470438, 12.9649704 ], [ 77.6467721, 12.965128 ], [ 77.6468324, 12.9652848 ], [ 77.6470236, 12.9652217 ] ] ] } },
{ "type": "Feature", "properties": { "object_uuid": "c5464136-2c2f-46dc-a2f9-266743190b7f", "Category": "Stream", "bhucode": "200401003028", "Kharab": "STREAM", "data_source_type": "CADASTRAL_KML", "legal_status": "UNVERIFIED" }, "geometry": { "type": "Polygon", "coordinates": [ [ [ 77.6476721, 12.9670069 ], [ 77.6485941, 12.9664827 ], [ 77.648488, 12.9662812 ], [ 77.6481836, 12.9665851 ], [ 77.6480092, 12.966624 ], [ 77.6477321, 12.9667947 ], [ 77.6475964, 12.9668527 ], [ 77.6476721, 12.9670069 ] ] ] } },
{ "type": "Feature", "properties": { "object_uuid": "38143756-376a-474e-9b90-fc357ab73276", "Category": "Stream", "bhucode": "200101004023", "Kharab": "STREAM", "data_source_type": "CADASTRAL_KML", "legal_status": "UNVERIFIED" }, "geometry": { "type": "Polygon", "coordinates": [ [ [ 77.6376289, 12.9650957 ], [ 77.6376848, 12.9650415 ], [ 77.6377908, 12.9648692 ], [ 77.6377131, 12.9647529 ], [ 77.6376468, 12.964936 ], [ 77.6375559, 12.9650186 ], [ 77.6376289, 12.9650957 ] ] ] } },
{ "type": "Feature", "properties": { "object_uuid": "fd3cb887-39ab-4500-b1de-696ed3aa868e", "Category": "Stream", "bhucode": "200101004023", "Kharab": "STREAM", "data_source_type": "CADASTRAL_KML", "legal_status": "UNVERIFIED" }, "geometry": { "type": "Polygon", "coordinates": [ [ [ 77.6368733, 12.9656787 ], [ 77.6369712, 12.9655839 ], [ 77.6371939, 12.9654418 ], [ 77.6375703, 12.9651543 ], [ 77.6376289, 12.9650957 ], [ 77.6375559, 12.9650186 ], [ 77.6374153, 12.9651727 ], [ 77.6369336, 12.9654919 ], [ 77.6368628, 12.9655488 ], [ 77.6368304, 12.9656108 ], [ 77.6368733, 12.9656787 ] ] ] } },
{ "type": "Feature", "properties": { "object_uuid": "451f7b3b-a00e-4eea-a222-857c981dd0d1", "Category": "Tank", "bhucode": "200101004024", "Kharab": "TANK", "data_source_type": "CADASTRAL_KML", "legal_status": "UNVERIFIED" }, "geometry": { "type": "Polygon", "coordinates": [ [ [ 77.6407249, 12.9712034 ], [ 77.6407887, 12.9712106 ], [ 77.6409617, 12.9711686 ], [ 77.6410484, 12.9711269 ], [ 77.6411473, 12.970941 ], [ 77.6411579, 12.9708957 ], [ 77.6411632, 12.9707147 ], [ 77.6411512, 12.9706802 ], [ 77.6410655, 12.9706109 ], [ 77.64082190000002, 12.9706093 ], [ 77.6406876, 12.970647 ], [ 77.6406363, 12.9706864 ], [ 77.6406308, 12.9708633 ], [ 77.6406747, 12.9711335 ], [ 77.6406967, 12.9711801 ], [ 77.6407249, 12.9712034 ] ] ] } },
{ "type": "Feature", "properties": { "object_uuid": "92b137ad-dbfb-4917-9306-414df8254fa3", "Category": "Stream", "bhucode": "200401002028", "Kharab": "STREAM", "data_source_type": "CADASTRAL_KML", "legal_status": "UNVERIFIED" }, "geometry": { "type": "Polygon", "coordinates": [ [ [ 77.6434278, 12.9686211 ], [ 77.6433393, 12.9680899 ], [ 77.6433872, 12.967916 ], [ 77.6433029, 12.9674128 ], [ 77.6433158, 12.9670267 ], [ 77.6431253, 12.9670149 ], [ 77.6430672, 12.9671661 ], [ 77.643075100000019, 12.9673497 ], [ 77.6432163, 12.9676694 ], [ 77.6432689, 12.9679052 ], [ 77.6432024, 12.9682013 ], [ 77.6433422, 12.9686063 ], [ 77.6433671, 12.9686502 ], [ 77.6434278, 12.9686211 ] ] ] } },
{ "type": "Feature", "properties": { "object_uuid": "b8f6b582-9a6f-4912-84a3-cfe24d91ec6d", "Category": "Stream", "bhucode": "200401003028", "Kharab": "STREAM", "data_source_type": "CADASTRAL_KML", "legal_status": "UNVERIFIED" }, "geometry": { "type": "Polygon", "coordinates": [ [ [ 77.6517188, 12.9682731 ], [ 77.6519129, 12.9681736 ], [ 77.6518893, 12.968089 ], [ 77.6498931, 12.9684196 ], [ 77.6490743, 12.9685682 ], [ 77.648643, 12.9685288 ], [ 77.6484024, 12.968531 ], [ 77.6482581, 12.9686897 ], [ 77.6489677, 12.9687297 ], [ 77.650165, 12.9685964 ], [ 77.6503408, 12.9691972 ], [ 77.6503281, 12.9695662 ], [ 77.6506555, 12.9697617 ], [ 77.6507541, 12.969854 ], [ 77.6505883, 12.9694812 ], [ 77.6503797, 12.9685995 ], [ 77.6517188, 12.9682731 ] ] ] } },
{ "type": "Feature", "properties": { "object_uuid": "97c21309-abaa-416f-8ca4-9c4b34d03748", "Category": "Tank", "bhucode": "200401002028", "Kharab": "TANK", "data_source_type": "CADASTRAL_KML", "legal_status": "UNVERIFIED" }, "geometry": { "type": "Polygon", "coordinates": [ [ [ 77.649838300000013, 12.9729371 ], [ 77.6506884, 12.9726945 ], [ 77.6510376, 12.9726847 ], [ 77.6510944, 12.972552 ], [ 77.651753, 12.9723152 ], [ 77.6525901, 12.972283 ], [ 77.6529984, 12.9722169 ], [ 77.6533076, 12.9722796 ], [ 77.6535545, 12.9722632 ], [ 77.6537972, 12.9723112 ], [ 77.654343900000015, 12.9723543 ], [ 77.6548748, 12.9720313 ], [ 77.6553338, 12.9720766 ], [ 77.6553784, 12.9720189 ], [ 77.655253, 12.9718731 ], [ 77.655181, 12.9714631 ], [ 77.6550956, 12.9715574 ], [ 77.6550199, 12.9715072 ], [ 77.6549336, 12.971944 ], [ 77.6536768, 12.9719452 ], [ 77.6530946, 12.9719218 ], [ 77.6526978, 12.9718366 ], [ 77.6527002, 12.9714508 ], [ 77.6519028, 12.971135 ], [ 77.6518379, 12.9709221 ], [ 77.6515786, 12.9708467 ], [ 77.650823, 12.9699624 ], [ 77.6508251, 12.9698369 ], [ 77.6507541, 12.969854 ], [ 77.6506555, 12.9697617 ], [ 77.6503724, 12.9695926 ], [ 77.6503212, 12.9698751 ], [ 77.6502108, 12.9701488 ], [ 77.6503866, 12.9707527 ], [ 77.6504353, 12.9711158 ], [ 77.6503134, 12.9716542 ], [ 77.650043, 12.9724292 ], [ 77.649838300000013, 12.9729371 ] ] ] } },
{ "type": "Feature", "properties": { "object_uuid": "9596c8be-0b57-4e87-9461-805260ca805c", "Category": "Stream", "bhucode": "200401002028", "Kharab": "STREAM", "data_source_type": "CADASTRAL_KML", "legal_status": "UNVERIFIED" }, "geometry": { "type": "Polygon", "coordinates": [ [ [ 77.6518379, 12.9709221 ], [ 77.6519028, 12.971135 ], [ 77.6522354, 12.9705291 ], [ 77.6523983, 12.9704732 ], [ 77.6537228, 12.9707814 ], [ 77.6537254, 12.9707185 ], [ 77.6538216, 12.9706498 ], [ 77.653604500000014, 12.9706435 ], [ 77.6523711, 12.9703617 ], [ 77.6521576, 12.97048 ], [ 77.6521027, 12.9704223 ], [ 77.6519885, 12.9707205 ], [ 77.6518379, 12.9709221 ] ] ] } },
{ "type": "Feature", "properties": { "object_uuid": "03b42638-ba7c-4891-858b-9487274c8b5c", "Category": "Stream", "bhucode": "200401003028", "Kharab": "STREAM", "data_source_type": "CADASTRAL_KML", "legal_status": "UNVERIFIED" }, "geometry": { "type": "Polygon", "coordinates": [ [ [ 77.6534776, 12.9705086 ], [ 77.6525359, 12.9702607 ], [ 77.6525658, 12.9703676 ], [ 77.6522898, 12.970301 ], [ 77.6521888, 12.9703158 ], [ 77.6520801, 12.9703986 ], [ 77.6521576, 12.97048 ], [ 77.6523711, 12.9703617 ], [ 77.653604500000014, 12.9706435 ], [ 77.6538216, 12.9706498 ], [ 77.6539415, 12.9705641 ], [ 77.6534776, 12.9705086 ] ] ] } },
{ "type": "Feature", "properties": { "object_uuid": "ff93fc77-c87a-4fd7-afdb-1a9d86812b5c", "Category": "Stream", "bhucode": "200401002028", "Kharab": "STREAM", "data_source_type": "CADASTRAL_KML", "legal_status": "UNVERIFIED" }, "geometry": { "type": "Polygon", "coordinates": [ [ [ 77.6527348, 12.9729206 ], [ 77.6528578, 12.9728768 ], [ 77.6528626, 12.9725523 ], [ 77.6527807, 12.972251 ], [ 77.6525901, 12.972283 ], [ 77.6527348, 12.9729206 ] ] ] } },
{ "type": "Feature", "properties": { "object_uuid": "c513043c-9c41-4e74-b5f6-d41de0e09710", "Category": "Stream", "bhucode": "200401002028", "Kharab": "STREAM", "data_source_type": "CADASTRAL_KML", "legal_status": "UNVERIFIED" }, "geometry": { "type": "Polygon", "coordinates": [ [ [ 77.6443696, 12.9760875 ], [ 77.6446076, 12.9753057 ], [ 77.644692, 12.9749143 ], [ 77.6449864, 12.9744693 ], [ 77.6449833, 12.9743067 ], [ 77.6452318, 12.9742021 ], [ 77.646092, 12.9736628 ], [ 77.646866, 12.9753897 ], [ 77.6469899, 12.9753988 ], [ 77.6470964, 12.9752992 ], [ 77.6468595, 12.9748958 ], [ 77.646455, 12.9740029 ], [ 77.6462463, 12.9735806 ], [ 77.647025, 12.9732262 ], [ 77.6481435, 12.9722737 ], [ 77.648256600000011, 12.9722475 ], [ 77.6482812, 12.9717949 ], [ 77.6481741, 12.9708708 ], [ 77.648078600000019, 12.9703763 ], [ 77.647949600000018, 12.9698682 ], [ 77.6477744, 12.9694872 ], [ 77.6474886, 12.9689383 ], [ 77.6473477, 12.9687564 ], [ 77.6471748, 12.9683388 ], [ 77.6468856, 12.9681473 ], [ 77.6472164, 12.9688952 ], [ 77.6474965, 12.9693894 ], [ 77.6477071, 12.970032 ], [ 77.6480831, 12.9714887 ], [ 77.6481265, 12.9717034 ], [ 77.6481341, 12.9720028 ], [ 77.6473457, 12.9728315 ], [ 77.6469475, 12.9731214 ], [ 77.6464612, 12.9733666 ], [ 77.6461848, 12.9734153 ], [ 77.6451765, 12.9740421 ], [ 77.6448417, 12.9741443 ], [ 77.6447974, 12.9743121 ], [ 77.6446022, 12.9743677 ], [ 77.6445065, 12.974565 ], [ 77.6446936, 12.9746134 ], [ 77.6444997, 12.9748886 ], [ 77.6443866, 12.9753117 ], [ 77.6443734, 12.9757749 ], [ 77.6441476, 12.9761368 ], [ 77.6443696, 12.9760875 ] ] ] } },
{ "type": "Feature", "properties": { "object_uuid": "a87767e3-f3ff-4f7a-9c68-6d2e8d3a0d78", "Category": "Settlement", "bhucode": "200401002028", "Kharab": "SETTLEMENT", "data_source_type": "CADASTRAL_KML", "legal_status": "UNVERIFIED" }, "geometry": { "type": "Polygon", "coordinates": [ [ [ 77.6460353, 12.9725772 ], [ 77.6465586, 12.9726094 ], [ 77.646629, 12.9723438 ], [ 77.6469254, 12.9723274 ], [ 77.6468839, 12.9718487 ], [ 77.646662, 12.9716689 ], [ 77.6462175, 12.9717094 ], [ 77.6461188, 12.9715532 ], [ 77.6457004, 12.9715375 ], [ 77.6455778, 12.9717692 ], [ 77.6455814, 12.9719357 ], [ 77.6454531, 12.9722282 ], [ 77.6453233, 12.9722248 ], [ 77.6452806, 12.9723771 ], [ 77.645137800000015, 12.9723459 ], [ 77.6451111, 12.9724946 ], [ 77.6454974, 12.9726847 ], [ 77.6457588, 12.9727326 ], [ 77.6460353, 12.9725772 ] ] ] } },
{ "type": "Feature", "properties": { "object_uuid": "66eb6c0b-7452-46f5-8c24-4b8d82031737", "Category": "Road", "bhucode": "200401002028", "Kharab": "ROAD", "data_source_type": "CADASTRAL_KML", "legal_status": "UNVERIFIED" }, "geometry": { "type": "Polygon", "coordinates": [ [ [ 77.6475306, 12.9718325 ], [ 77.647893, 12.9718363 ], [ 77.6481349, 12.9718136 ], [ 77.6481265, 12.9717034 ], [ 77.6474167, 12.9717229 ], [ 77.6473688, 12.9716347 ], [ 77.646662, 12.9716689 ], [ 77.6468839, 12.9718487 ], [ 77.6470871, 12.9717638 ], [ 77.6475306, 12.9718325 ] ] ] } },
{ "type": "Feature", "properties": { "object_uuid": "3fdd13ab-f774-4481-8b3b-7245689c9a37", "Category": "Stream", "bhucode": "200401003028", "Kharab": "STREAM", "data_source_type": "CADASTRAL_KML", "legal_status": "UNVERIFIED" }, "geometry": { "type": "Polygon", "coordinates": [ [ [ 77.658718100000016, 12.969383 ], [ 77.6586343, 12.9695429 ], [ 77.6587501, 12.9695139 ], [ 77.6588461, 12.9695116 ], [ 77.6589058, 12.969494 ], [ 77.6589177, 12.9694738 ], [ 77.658821, 12.9693929 ], [ 77.658718100000016, 12.969383 ] ] ] } },
{ "type": "Feature", "properties": { "object_uuid": "cdcdcf72-1a0a-4d8d-a317-fa51dbc15adf", "Category": "Stream", "bhucode": "200401003028", "Kharab": "STREAM", "data_source_type": "CADASTRAL_KML", "legal_status": "UNVERIFIED" }, "geometry": { "type": "Polygon", "coordinates": [ [ [ 77.6574079, 12.9697214 ], [ 77.6575356, 12.9696944 ], [ 77.6575862, 12.9697062 ], [ 77.6577547, 12.9696846 ], [ 77.6578846, 12.9696901 ], [ 77.6579326, 12.9696742 ], [ 77.6580598, 12.9695909 ], [ 77.6581905, 12.9696113 ], [ 77.6582919, 12.9696109 ], [ 77.6584784, 12.9695451 ], [ 77.6586343, 12.9695429 ], [ 77.658718100000016, 12.969383 ], [ 77.6585492, 12.9694335 ], [ 77.6584268, 12.9694078 ], [ 77.6582673, 12.9694572 ], [ 77.6581601, 12.9694557 ], [ 77.658101, 12.9694382 ], [ 77.6580531, 12.9694468 ], [ 77.6578716, 12.9695334 ], [ 77.657759, 12.9695188 ], [ 77.6574612, 12.969545 ], [ 77.6574079, 12.9697214 ] ] ] } },
{ "type": "Feature", "properties": { "object_uuid": "f7c2f485-c9bc-4785-b0cf-4f8b8e7ef2b5", "Category": "Stream", "bhucode": "200401003028", "Kharab": "STREAM", "data_source_type": "CADASTRAL_KML", "legal_status": "UNVERIFIED" }, "geometry": { "type": "Polygon", "coordinates": [ [ [ 77.655735, 12.9709043 ], [ 77.656291, 12.9702205 ], [ 77.656945, 12.9698336 ], [ 77.6574079, 12.9697214 ], [ 77.6574612, 12.969545 ], [ 77.6569467, 12.9696152 ], [ 77.6568368, 12.969714 ], [ 77.6566436, 12.969753 ], [ 77.6563175, 12.9699986 ], [ 77.6562319, 12.9701437 ], [ 77.6559653, 12.9704001 ], [ 77.6555919, 12.9708629 ], [ 77.655735, 12.9709043 ] ] ] } },
{ "type": "Feature", "properties": { "object_uuid": "48b02bcf-5375-4542-a089-c57e7cc29b81", "Category": "Road", "bhucode": "200401003028", "Kharab": "ROAD", "data_source_type": "CADASTRAL_KML", "legal_status": "UNVERIFIED" }, "geometry": { "type": "Polygon", "coordinates": [ [ [ 77.6568063, 12.9710652 ], [ 77.6573667, 12.9710129 ], [ 77.6577759, 12.9710132 ], [ 77.6585225, 12.971046 ], [ 77.6590433, 12.9710411 ], [ 77.6596058, 12.9709905 ], [ 77.6601912, 12.970885 ], [ 77.661214, 12.9705984 ], [ 77.663566900000021, 12.9700412 ], [ 77.663682200000011, 12.9699918 ], [ 77.6636414, 12.9698958 ], [ 77.6634577, 12.9699606 ], [ 77.6623845, 12.9701277 ], [ 77.6616712, 12.9703491 ], [ 77.6599338, 12.9708236 ], [ 77.6592277, 12.9709407 ], [ 77.6571898, 12.9709573 ], [ 77.6571771, 12.9709942 ], [ 77.6562493, 12.9710307 ], [ 77.6562552, 12.971095 ], [ 77.6568063, 12.9710652 ] ] ] } },
{ "type": "Feature", "properties": { "object_uuid": "fd0ee888-c559-4cda-acec-1a818b010f85", "Category": "Road", "bhucode": "200401002028", "Kharab": "ROAD", "data_source_type": "CADASTRAL_KML", "legal_status": "UNVERIFIED" }, "geometry": { "type": "Polygon", "coordinates": [ [ [ 77.6585435, 12.9711549 ], [ 77.6606243, 12.9709358 ], [ 77.6618074, 12.970603 ], [ 77.6630994, 12.9703172 ], [ 77.663747300000011, 12.9701449 ], [ 77.663682200000011, 12.9699918 ], [ 77.663566900000021, 12.9700412 ], [ 77.661214, 12.9705984 ], [ 77.6601912, 12.970885 ], [ 77.6596058, 12.9709905 ], [ 77.6590433, 12.9710411 ], [ 77.6585225, 12.971046 ], [ 77.6577759, 12.9710132 ], [ 77.6573667, 12.9710129 ], [ 77.6568063, 12.9710652 ], [ 77.6562552, 12.971095 ], [ 77.65626, 12.9711469 ], [ 77.6568153, 12.9711172 ], [ 77.6568477, 12.9710907 ], [ 77.6571532, 12.9710637 ], [ 77.6577797, 12.971066 ], [ 77.6577827, 12.9710772 ], [ 77.6585435, 12.9711549 ] ] ] } },
{ "type": "Feature", "properties": { "object_uuid": "8f7af813-100e-4080-8352-65d7ab57c749", "Category": "Stream", "bhucode": "200401002028", "Kharab": "STREAM", "data_source_type": "CADASTRAL_KML", "legal_status": "UNVERIFIED" }, "geometry": { "type": "Polygon", "coordinates": [ [ [ 77.6551829, 12.9714749 ], [ 77.6551924, 12.9715332 ], [ 77.6553984, 12.9713663 ], [ 77.6554754, 12.9712447 ], [ 77.6555574, 12.9711786 ], [ 77.6556139, 12.9710694 ], [ 77.6556045, 12.9709649 ], [ 77.6556432, 12.9708777 ], [ 77.6555967, 12.9708643 ], [ 77.6555817, 12.9708824 ], [ 77.6555328, 12.9709819 ], [ 77.6554692, 12.9710521 ], [ 77.6554365, 12.9711313 ], [ 77.655346, 12.9712233 ], [ 77.6552901, 12.9713402 ], [ 77.6552, 12.9714108 ], [ 77.6551829, 12.9714749 ] ] ] } },
{ "type": "Feature", "properties": { "object_uuid": "8316ea6b-bed4-4195-926f-1d2cc0be9838", "Category": "Tank", "bhucode": "200401002020", "Kharab": "TANK", "data_source_type": "CADASTRAL_KML", "legal_status": "UNVERIFIED" }, "geometry": { "type": "Polygon", "coordinates": [ [ [ 77.663457, 12.9719961 ], [ 77.6634447, 12.9714752 ], [ 77.6634064, 12.9714299 ], [ 77.6632913, 12.9714963 ], [ 77.6631537, 12.97153 ], [ 77.6629548, 12.9715528 ], [ 77.6628261, 12.9714669 ], [ 77.662846, 12.9719686 ], [ 77.663457, 12.9719961 ] ] ] } },
{ "type": "Feature", "properties": { "object_uuid": "55c2ac79-ff79-464c-9aeb-cc9567cab849", "Category": "Road", "bhucode": "200401002020", "Kharab": "ROAD", "data_source_type": "CADASTRAL_KML", "legal_status": "UNVERIFIED" }, "geometry": { "type": "Polygon", "coordinates": [ [ [ 77.6636688, 12.9748169 ], [ 77.6635945, 12.9747009 ], [ 77.6633741, 12.9745126 ], [ 77.6628903, 12.9745127 ], [ 77.6623519, 12.9745503 ], [ 77.66159, 12.9746448 ], [ 77.6615192, 12.974546 ], [ 77.6609149, 12.9745645 ], [ 77.6605419, 12.9745913 ], [ 77.6594557, 12.9746296 ], [ 77.6580704, 12.9747641 ], [ 77.6569328, 12.9749116 ], [ 77.6562829, 12.9751388 ], [ 77.6570808, 12.9750666 ], [ 77.6572471, 12.9749446 ], [ 77.6587099, 12.974824 ], [ 77.65921280000002, 12.9747856 ], [ 77.6597854, 12.9747702 ], [ 77.6605563, 12.9747196 ], [ 77.6609408, 12.9747125 ], [ 77.6611651, 12.9746863 ], [ 77.6624317, 12.9747135 ], [ 77.6630384, 12.9746006 ], [ 77.6632625, 12.974645 ], [ 77.6634915, 12.9748647 ], [ 77.66406360000002, 12.9751396 ], [ 77.6641473, 12.9751617 ], [ 77.6640961, 12.9749753 ], [ 77.6636688, 12.9748169 ] ] ] } },
{ "type": "Feature", "properties": { "object_uuid": "179afa84-72d8-4a80-8fe4-3bb57df9004e", "Category": "Road", "bhucode": "200401002020", "Kharab": "ROAD", "data_source_type": "CADASTRAL_KML", "legal_status": "UNVERIFIED" }, "geometry": { "type": "Polygon", "coordinates": [ [ [ 77.661446700000013, 12.975831 ], [ 77.6620012, 12.9758728 ], [ 77.6625849, 12.9758802 ], [ 77.6628236, 12.9757736 ], [ 77.6631461, 12.9757195 ], [ 77.6640143, 12.9756226 ], [ 77.6643877, 12.9754889 ], [ 77.664375400000011, 12.9753847 ], [ 77.6639958, 12.9755294 ], [ 77.6628253, 12.9756854 ], [ 77.6625409, 12.9757454 ], [ 77.661961, 12.9757862 ], [ 77.6611565, 12.9757381 ], [ 77.6611671, 12.975824 ], [ 77.661446700000013, 12.975831 ] ] ] } },
{ "type": "Feature", "properties": { "object_uuid": "f44553e5-63d7-41cc-8395-1aa563b3e6ee", "Category": "Settlement", "bhucode": "200401002020", "Kharab": "PALYA_GARAGAMANTHANAPALYA", "data_source_type": "CADASTRAL_KML", "legal_status": "UNVERIFIED" }, "geometry": { "type": "Polygon", "coordinates": [ [ [ 77.6642768, 12.9744945 ], [ 77.6645958, 12.9744301 ], [ 77.6647638, 12.9748184 ], [ 77.6649311, 12.9747861 ], [ 77.6650094, 12.9744041 ], [ 77.6658844, 12.97418 ], [ 77.6657656, 12.9736435 ], [ 77.6657314, 12.9735526 ], [ 77.665595, 12.9728446 ], [ 77.665610300000012, 12.9726956 ], [ 77.6655449, 12.972616 ], [ 77.6654857, 12.9728976 ], [ 77.6639436, 12.9734226 ], [ 77.6640408, 12.9736551 ], [ 77.664178, 12.9743264 ], [ 77.6641792, 12.974486 ], [ 77.6642768, 12.9744945 ] ] ] } },
{ "type": "Feature", "properties": { "object_uuid": "72b31b33-78ac-4904-b490-53f50ed4b883", "Category": "Stream", "bhucode": "200401002020", "Kharab": "STREAM", "data_source_type": "CADASTRAL_KML", "legal_status": "UNVERIFIED" }, "geometry": { "type": "Polygon", "coordinates": [ [ [ 77.6578982, 12.9776729 ], [ 77.6579935, 12.9776313 ], [ 77.6587936, 12.9774912 ], [ 77.6597064, 12.977297 ], [ 77.6604498, 12.977185 ], [ 77.6605594, 12.9771572 ], [ 77.6610228, 12.977134 ], [ 77.6613425, 12.977093 ], [ 77.661461, 12.9773292 ], [ 77.6616291, 12.9773251 ], [ 77.661501, 12.976978 ], [ 77.6614036, 12.9769761 ], [ 77.6605304, 12.9770558 ], [ 77.6594445, 12.977206 ], [ 77.6591194, 12.9772842 ], [ 77.657957, 12.9774926 ], [ 77.6578937, 12.9775228 ], [ 77.6578982, 12.9776729 ] ] ] } },
{ "type": "Feature", "properties": { "object_uuid": "3726164f-5afc-4e23-9a8a-5a76e4c5597c", "Category": "Settlement", "bhucode": "200101004024", "Kharab": "MAJARE", "data_source_type": "CADASTRAL_KML", "legal_status": "UNVERIFIED" }, "geometry": { "type": "Polygon", "coordinates": [ [ [ 77.636083, 12.9732152 ], [ 77.6359596, 12.9737481 ], [ 77.6363152, 12.9739297 ], [ 77.636637, 12.9742146 ], [ 77.6368864, 12.9740035 ], [ 77.636941, 12.9739116 ], [ 77.6369995, 12.973474 ], [ 77.636083, 12.9732152 ] ] ] } },
{ "type": "Feature", "properties": { "object_uuid": "92e008a6-c79f-457f-a8b5-0ca7527effc5", "Category": "Stream", "bhucode": "200401002028", "Kharab": "STREAM", "data_source_type": "CADASTRAL_KML", "legal_status": "UNVERIFIED" }, "geometry": { "type": "Polygon", "coordinates": [ [ [ 77.6374245, 12.9733972 ], [ 77.6375847, 12.9733904 ], [ 77.6375788, 12.973113 ], [ 77.6373889, 12.9731233 ], [ 77.6374245, 12.9733972 ] ] ] } },
{ "type": "Feature", "properties": { "object_uuid": "26154655-adec-42de-abf5-661ddfe9b2a6", "Category": "Tank", "bhucode": "200401002028", "Kharab": "TANK", "data_source_type": "CADASTRAL_KML", "legal_status": "UNVERIFIED" }, "geometry": { "type": "Polygon", "coordinates": [ [ [ 77.6383608, 12.9746367 ], [ 77.6381268, 12.9744659 ], [ 77.637967100000012, 12.97449 ], [ 77.6377488, 12.9749225 ], [ 77.6380147, 12.975044 ], [ 77.6380987, 12.9750326 ], [ 77.6383608, 12.9746367 ] ] ] } },
{ "type": "Feature", "properties": { "object_uuid": "85a1b1f8-defc-4e19-8a51-19082d5f771e", "Category": "Road", "bhucode": "200401002028", "Kharab": "ROAD", "data_source_type": "CADASTRAL_KML", "legal_status": "UNVERIFIED" }, "geometry": { "type": "Polygon", "coordinates": [ [ [ 77.651366, 12.9763754 ], [ 77.6521573, 12.9762698 ], [ 77.652511, 12.9760342 ], [ 77.6514656, 12.9762621 ], [ 77.650247800000017, 12.9762906 ], [ 77.649855, 12.9763235 ], [ 77.6482525, 12.9763337 ], [ 77.6473233, 12.9763943 ], [ 77.6462109, 12.9764401 ], [ 77.6456401, 12.9763221 ], [ 77.6447094, 12.9762605 ], [ 77.6443696, 12.9760875 ], [ 77.6441476, 12.9761368 ], [ 77.6438198, 12.9761244 ], [ 77.6432099, 12.975073 ], [ 77.6435711, 12.9748199 ], [ 77.6445065, 12.974565 ], [ 77.6446022, 12.9743677 ], [ 77.6446767, 12.9740522 ], [ 77.6449929, 12.9735368 ], [ 77.6455021, 12.9730994 ], [ 77.6457588, 12.9727326 ], [ 77.6456412, 12.972717 ], [ 77.645568200000014, 12.9728786 ], [ 77.6449486, 12.9734135 ], [ 77.6446803, 12.9737787 ], [ 77.6444215, 12.974374 ], [ 77.6443016, 12.9744634 ], [ 77.6438552, 12.9744548 ], [ 77.6430656, 12.9749518 ], [ 77.6428532, 12.9747487 ], [ 77.6422459, 12.9739655 ], [ 77.6413107, 12.972473 ], [ 77.6412408, 12.9722913 ], [ 77.6411347, 12.9723201 ], [ 77.6411959, 12.972502 ], [ 77.6418561, 12.973652 ], [ 77.6425206, 12.9744671 ], [ 77.6427161, 12.9747888 ], [ 77.6431836, 12.9753159 ], [ 77.6434116, 12.9756756 ], [ 77.6436768, 12.976303 ], [ 77.643665, 12.9770951 ], [ 77.6436475, 12.9773381 ], [ 77.643816500000014, 12.9770942 ], [ 77.6439087, 12.976281 ], [ 77.6445841, 12.97638 ], [ 77.6449573, 12.9764913 ], [ 77.6458843, 12.9765211 ], [ 77.6468602, 12.9765817 ], [ 77.646888700000019, 12.9772692 ], [ 77.6470359, 12.9773327 ], [ 77.6469892, 12.9765675 ], [ 77.6488636, 12.9764472 ], [ 77.6500042, 12.9764304 ], [ 77.651366, 12.9763754 ] ] ] } },
{ "type": "Feature", "properties": { "object_uuid": "6b321fdb-c629-4432-8ea3-85574a18e317", "Category": "Tank", "bhucode": "200401002028", "Kharab": "TANK", "data_source_type": "CADASTRAL_KML", "legal_status": "UNVERIFIED" }, "geometry": { "type": "Polygon", "coordinates": [ [ [ 77.6495104, 12.9753839 ], [ 77.6495291, 12.9750078 ], [ 77.6491557, 12.9750179 ], [ 77.6490065, 12.9751334 ], [ 77.6490481, 12.9754581 ], [ 77.6495104, 12.9753839 ] ] ] } },
{ "type": "Feature", "properties": { "object_uuid": "cfa6c02e-d03e-4ec9-be8b-a4fe8fabcf06", "Category": "Settlement", "bhucode": "200101004043", "Kharab": "SETTLEMENT", "data_source_type": "CADASTRAL_KML", "legal_status": "UNVERIFIED" }, "geometry": { "type": "Polygon", "coordinates": [ [ [ 77.6408679, 12.9803207 ], [ 77.6414019, 12.9801676 ], [ 77.641446, 12.9799178 ], [ 77.6415889, 12.9797466 ], [ 77.6423983, 12.979972 ], [ 77.6424665, 12.9798536 ], [ 77.642496400000013, 12.9797178 ], [ 77.6424426, 12.9793481 ], [ 77.6415471, 12.9792759 ], [ 77.6415667, 12.9787742 ], [ 77.6411194, 12.9788468 ], [ 77.6410251, 12.979177 ], [ 77.6408655, 12.9791899 ], [ 77.6405586, 12.9790919 ], [ 77.6404236, 12.9789895 ], [ 77.6402291, 12.979199 ], [ 77.6400649, 12.9794949 ], [ 77.64012630000002, 12.979554 ], [ 77.6400332, 12.9798789 ], [ 77.6400539, 12.9800985 ], [ 77.6402543, 12.9802138 ], [ 77.6403534, 12.9804317 ], [ 77.6408679, 12.9803207 ] ] ] } },
{ "type": "Feature", "properties": { "object_uuid": "e4dd52ba-06cc-44e9-b361-b669896ce891", "Category": "Tank", "bhucode": "200101004043", "Kharab": "TANK", "data_source_type": "CADASTRAL_KML", "legal_status": "UNVERIFIED" }, "geometry": { "type": "Polygon", "coordinates": [ [ [ 77.6409185, 12.983056 ], [ 77.6408928, 12.9831007 ], [ 77.6408984, 12.983299 ], [ 77.6409385, 12.983465 ], [ 77.6409722, 12.9835162 ], [ 77.6411359, 12.9834969 ], [ 77.6411674, 12.9834396 ], [ 77.6411858, 12.983314 ], [ 77.6412446, 12.9832261 ], [ 77.6412521, 12.983178 ], [ 77.641233400000019, 12.9831272 ], [ 77.6412009, 12.9831027 ], [ 77.6410006, 12.9830617 ], [ 77.6409674, 12.9830376 ], [ 77.6409185, 12.983056 ] ] ] } },
{ "type": "Feature", "properties": { "object_uuid": "ff9d3efd-4d5c-48bc-ae7b-eff3e423236a", "Category": "Tank", "bhucode": "200101004043", "Kharab": "TANK", "data_source_type": "CADASTRAL_KML", "legal_status": "UNVERIFIED" }, "geometry": { "type": "Polygon", "coordinates": [ [ [ 77.6418678, 12.9823938 ], [ 77.6417959, 12.9820162 ], [ 77.6422192, 12.9818038 ], [ 77.642814700000017, 12.9815393 ], [ 77.6433397, 12.9813478 ], [ 77.6433511, 12.981056 ], [ 77.643421, 12.9805033 ], [ 77.6434398, 12.9804429 ], [ 77.6433719, 12.9802054 ], [ 77.6432297, 12.9801878 ], [ 77.6432076, 12.980049 ], [ 77.6426107, 12.9800322 ], [ 77.6415889, 12.9797466 ], [ 77.641446, 12.9799178 ], [ 77.6414019, 12.9801676 ], [ 77.6415765, 12.9808767 ], [ 77.6413793, 12.9809827 ], [ 77.6414558, 12.9813123 ], [ 77.6415109, 12.9820318 ], [ 77.6413619, 12.98275 ], [ 77.6416764, 12.9827782 ], [ 77.6418678, 12.9823938 ] ] ] } },
{ "type": "Feature", "properties": { "object_uuid": "f1a9d901-df60-44c1-8633-25778895952d", "Category": "Road", "bhucode": "200101004043", "Kharab": "ROAD", "data_source_type": "CADASTRAL_KML", "legal_status": "UNVERIFIED" }, "geometry": { "type": "Polygon", "coordinates": [ [ [ 77.643829, 12.9778502 ], [ 77.6438347, 12.9775673 ], [ 77.643143400000014, 12.9775589 ], [ 77.6430264, 12.9776043 ], [ 77.6421763, 12.9777101 ], [ 77.6418399, 12.9777202 ], [ 77.6418699, 12.9778484 ], [ 77.6431007, 12.97777 ], [ 77.643829, 12.9778502 ] ] ] } },
{ "type": "Feature", "properties": { "object_uuid": "63f622f6-8298-40ba-b039-a98cbc63d4ac", "Category": "Road", "bhucode": "200101004043", "Kharab": "ROAD", "data_source_type": "CADASTRAL_KML", "legal_status": "UNVERIFIED" }, "geometry": { "type": "Polygon", "coordinates": [ [ [ 77.6437838, 12.979465 ], [ 77.643209700000014, 12.979342 ], [ 77.6431818, 12.9794379 ], [ 77.6433099, 12.9795033 ], [ 77.6438027, 12.9796735 ], [ 77.6437838, 12.979465 ] ] ] } },
{ "type": "Feature", "properties": { "object_uuid": "1ccfb33d-2875-419d-9ed0-003e3550fb60", "Category": "Road", "bhucode": "200401002028", "Kharab": "ROAD", "data_source_type": "CADASTRAL_KML", "legal_status": "UNVERIFIED" }, "geometry": { "type": "Polygon", "coordinates": [ [ [ 77.641838, 12.9771237 ], [ 77.643143400000014, 12.9775589 ], [ 77.6438347, 12.9775673 ], [ 77.6436475, 12.9773381 ], [ 77.6433548, 12.9773345 ], [ 77.6426095, 12.9772559 ], [ 77.6407702, 12.9763389 ], [ 77.640656, 12.9761539 ], [ 77.6401071, 12.9757705 ], [ 77.6395223, 12.9751214 ], [ 77.6394336, 12.9750013 ], [ 77.6379407, 12.9741944 ], [ 77.6375415, 12.9739352 ], [ 77.6372238, 12.9737651 ], [ 77.6371696, 12.9738457 ], [ 77.6375341, 12.9740116 ], [ 77.637539, 12.9741073 ], [ 77.6381312, 12.974376 ], [ 77.6381268, 12.9744659 ], [ 77.6383602, 12.9746377 ], [ 77.63954440000002, 12.9752723 ], [ 77.6395779, 12.9755497 ], [ 77.640533, 12.9763038 ], [ 77.6411359, 12.9768023 ], [ 77.641838, 12.9771237 ] ] ] } },
{ "type": "Feature", "properties": { "object_uuid": "b873c1bc-c0b6-40a0-9daa-b1b7ec23ebf5", "Category": "Stream", "bhucode": "200401002020", "Kharab": "STREAM", "data_source_type": "CADASTRAL_KML", "legal_status": "UNVERIFIED" }, "geometry": { "type": "Polygon", "coordinates": [ [ [ 77.6700838, 12.9796361 ], [ 77.66963130000002, 12.9796484 ], [ 77.6685854, 12.9792525 ], [ 77.6683974, 12.9791422 ], [ 77.6665015, 12.9778194 ], [ 77.6664343, 12.9776363 ], [ 77.6662105, 12.9774268 ], [ 77.6661622, 12.9765916 ], [ 77.66614, 12.9758112 ], [ 77.6661684, 12.9757351 ], [ 77.6660689, 12.9757266 ], [ 77.6660352, 12.9763781 ], [ 77.6660319, 12.9771385 ], [ 77.6660129, 12.9772255 ], [ 77.6656835, 12.9771635 ], [ 77.6654572, 12.9771398 ], [ 77.6646834, 12.9764463 ], [ 77.6645548, 12.9760136 ], [ 77.6644894, 12.9758393 ], [ 77.6645746, 12.975705 ], [ 77.664516, 12.9754924 ], [ 77.6644083, 12.9752286 ], [ 77.6642541, 12.9750662 ], [ 77.6641888, 12.9750166 ], [ 77.6643099, 12.9748252 ], [ 77.6643105, 12.974727 ], [ 77.6642768, 12.9744945 ], [ 77.6641682, 12.9744851 ], [ 77.6641323, 12.9745281 ], [ 77.6641753, 12.9748074 ], [ 77.6640944, 12.974927 ], [ 77.6640961, 12.9749753 ], [ 77.6641473, 12.9751617 ], [ 77.664263, 12.9752614 ], [ 77.664375400000011, 12.9753847 ], [ 77.6644097, 12.975648 ], [ 77.664302, 12.9758396 ], [ 77.6643652, 12.9761017 ], [ 77.6644629, 12.976373 ], [ 77.664458200000013, 12.9764116 ], [ 77.6639866, 12.9765038 ], [ 77.6638871, 12.9765437 ], [ 77.6634931, 12.9768068 ], [ 77.6633586, 12.9768155 ], [ 77.6630439, 12.9769633 ], [ 77.6632277, 12.9770512 ], [ 77.6634084, 12.9769986 ], [ 77.664413600000017, 12.9765951 ], [ 77.6646942, 12.9766149 ], [ 77.6648494, 12.9767813 ], [ 77.6654904, 12.9773594 ], [ 77.6656068, 12.9774448 ], [ 77.6659035, 12.9773918 ], [ 77.6660448, 12.9775133 ], [ 77.6663431, 12.9778772 ], [ 77.6664861, 12.9780119 ], [ 77.6668223, 12.9782643 ], [ 77.667458, 12.9786819 ], [ 77.6677622, 12.9788546 ], [ 77.6684769, 12.9793511 ], [ 77.6687509, 12.9794973 ], [ 77.6688455, 12.9795208 ], [ 77.669368, 12.9797273 ], [ 77.6697344, 12.9797631 ], [ 77.670093, 12.979777 ], [ 77.6700838, 12.9796361 ] ] ] } },
{ "type": "Feature", "properties": { "object_uuid": "e54f7453-677c-4843-bcc9-cc27de485f48", "Category": "Tank", "bhucode": "200401002020", "Kharab": "TANK", "data_source_type": "CADASTRAL_KML", "legal_status": "UNVERIFIED" }, "geometry": { "type": "Polygon", "coordinates": [ [ [ 77.6627476, 12.9791633 ], [ 77.6627344, 12.9786418 ], [ 77.662852, 12.9778969 ], [ 77.6630021, 12.9774845 ], [ 77.6630695, 12.9772546 ], [ 77.6631777, 12.9772352 ], [ 77.6632277, 12.9770512 ], [ 77.6630439, 12.9769633 ], [ 77.6628223, 12.9769414 ], [ 77.6627137, 12.9770573 ], [ 77.662696, 12.9772154 ], [ 77.6626413, 12.9774639 ], [ 77.6624571, 12.9775395 ], [ 77.662118600000014, 12.977264 ], [ 77.6616741, 12.9773207 ], [ 77.661461, 12.9773292 ], [ 77.6613255, 12.9773564 ], [ 77.6613554, 12.9782811 ], [ 77.6614645, 12.9785406 ], [ 77.66161510000002, 12.9785616 ], [ 77.6616689, 12.9788864 ], [ 77.6614898, 12.9789293 ], [ 77.6614634, 12.9788578 ], [ 77.6608473, 12.9788932 ], [ 77.6608058, 12.9791948 ], [ 77.6613589, 12.9791727 ], [ 77.6615332, 12.9791914 ], [ 77.6616233, 12.9793843 ], [ 77.661621900000014, 12.9795634 ], [ 77.661943800000017, 12.9796795 ], [ 77.6626146, 12.9799714 ], [ 77.66278, 12.980115 ], [ 77.6630496, 12.9800871 ], [ 77.6627476, 12.9791633 ] ] ] } },
{ "type": "Feature", "properties": { "object_uuid": "dbff87cf-1eae-4a01-86b4-a32854793e08", "Category": "Stream", "bhucode": "200401002020", "Kharab": "STREAM", "data_source_type": "CADASTRAL_KML", "legal_status": "UNVERIFIED" }, "geometry": { "type": "Polygon", "coordinates": [ [ [ 77.6522975, 12.9829721 ], [ 77.6522779, 12.9825742 ], [ 77.6522956, 12.9824571 ], [ 77.6523991, 12.9824022 ], [ 77.6525928, 12.9820871 ], [ 77.6525961, 12.9817274 ], [ 77.6528927, 12.9811335 ], [ 77.6529285, 12.9811037 ], [ 77.6529545, 12.9809 ], [ 77.6530476, 12.9807937 ], [ 77.6533132, 12.9804227 ], [ 77.6533842, 12.9802313 ], [ 77.653817, 12.9800493 ], [ 77.6540301, 12.9799865 ], [ 77.6540096, 12.9799196 ], [ 77.6540839, 12.9798964 ], [ 77.6541899, 12.9797162 ], [ 77.6542247, 12.9796126 ], [ 77.6539729, 12.9796476 ], [ 77.6538338, 12.9798244 ], [ 77.6534028, 12.9800482 ], [ 77.6533654, 12.980127 ], [ 77.6532934, 12.98019 ], [ 77.6532498, 12.9802897 ], [ 77.652886800000019, 12.9807719 ], [ 77.6526952, 12.9811706 ], [ 77.6526248, 12.9814477 ], [ 77.6524551, 12.9816685 ], [ 77.6523973, 12.9820402 ], [ 77.6523189, 12.9822175 ], [ 77.6521553, 12.9823202 ], [ 77.6521102, 12.9825485 ], [ 77.6521664, 12.9833598 ], [ 77.650976, 12.9831319 ], [ 77.6505136, 12.9831057 ], [ 77.650503400000019, 12.9831887 ], [ 77.6509104, 12.9831875 ], [ 77.6511073, 12.9832288 ], [ 77.6522841, 12.9835435 ], [ 77.6522975, 12.9829721 ] ] ] } },
{ "type": "Feature", "properties": { "object_uuid": "10877541-0b5a-450f-b198-ea6ceb6456a8", "Category": "Settlement", "bhucode": "200401002020", "Kharab": "PALYA_JOGAPALYA", "data_source_type": "CADASTRAL_KML", "legal_status": "UNVERIFIED" }, "geometry": { "type": "Polygon", "coordinates": [ [ [ 77.6560216, 12.9831949 ], [ 77.655967800000013, 12.9830894 ], [ 77.655625, 12.9832207 ], [ 77.6553825, 12.9826777 ], [ 77.6543665, 12.9827585 ], [ 77.6541715, 12.9827092 ], [ 77.6541461, 12.9827744 ], [ 77.6538197, 12.9833199 ], [ 77.6539149, 12.9836554 ], [ 77.65376, 12.9839549 ], [ 77.6540251, 12.9840101 ], [ 77.6553996, 12.9841985 ], [ 77.6563015, 12.9842888 ], [ 77.6562819, 12.9835911 ], [ 77.6560216, 12.9831949 ] ] ] } },
{ "type": "Feature", "properties": { "object_uuid": "61e69fdb-be16-4bb2-9f3d-3b9dc8fa6371", "Category": "Stream", "bhucode": "200401002020", "Kharab": "STREAM", "data_source_type": "CADASTRAL_KML", "legal_status": "UNVERIFIED" }, "geometry": { "type": "Polygon", "coordinates": [ [ [ 77.6542205, 12.9826637 ], [ 77.6544361, 12.9821456 ], [ 77.6548185, 12.9812958 ], [ 77.6548936, 12.9810977 ], [ 77.6552142, 12.9805651 ], [ 77.6552636, 12.9804321 ], [ 77.6551416, 12.9804213 ], [ 77.6546743, 12.9812701 ], [ 77.6543397, 12.9820262 ], [ 77.6540636, 12.9825316 ], [ 77.6540508, 12.9825909 ], [ 77.6541715, 12.9827092 ], [ 77.6542205, 12.9826637 ] ] ] } },
{ "type": "Feature", "properties": { "object_uuid": "8045c694-ce6b-46af-8212-d3456f5a6f92", "Category": "Road", "bhucode": "200401002028", "Kharab": "ROAD", "data_source_type": "CADASTRAL_KML", "legal_status": "UNVERIFIED" }, "geometry": { "type": "Polygon", "coordinates": [ [ [ 77.6556256, 12.9754959 ], [ 77.6555264, 12.9752841 ], [ 77.6562829, 12.9751388 ], [ 77.6569328, 12.9749116 ], [ 77.6552431, 12.9751811 ], [ 77.6552163, 12.975531 ], [ 77.6555937, 12.9755157 ], [ 77.6556256, 12.9754959 ] ] ] } },
{ "type": "Feature", "properties": { "object_uuid": "2d941de9-8cfc-4758-b7bc-15501cfcff71", "Category": "Tank", "bhucode": "200401002020", "Kharab": "TANK", "data_source_type": "CADASTRAL_KML", "legal_status": "UNVERIFIED" }, "geometry": { "type": "Polygon", "coordinates": [ [ [ 77.656940300000016, 12.9806039 ], [ 77.6567487, 12.9802981 ], [ 77.6565543, 12.979653 ], [ 77.6564675, 12.9789136 ], [ 77.657225, 12.9783411 ], [ 77.6575675, 12.9778784 ], [ 77.6577154, 12.9777563 ], [ 77.6578991, 12.9776822 ], [ 77.6578937, 12.9775228 ], [ 77.6571788, 12.9775866 ], [ 77.657112, 12.9777523 ], [ 77.6565766, 12.9778175 ], [ 77.656545, 12.9778691 ], [ 77.6565151, 12.977979 ], [ 77.6558291, 12.9782609 ], [ 77.655664800000011, 12.9782649 ], [ 77.6556207, 12.9783304 ], [ 77.6543055, 12.9786528 ], [ 77.654231800000019, 12.9795905 ], [ 77.6541899, 12.9797162 ], [ 77.6540839, 12.9798964 ], [ 77.6540096, 12.9799196 ], [ 77.6540396, 12.9800174 ], [ 77.6541701, 12.9800272 ], [ 77.654224, 12.9799974 ], [ 77.6545392, 12.9800351 ], [ 77.6550682, 12.9801331 ], [ 77.6551356, 12.9801837 ], [ 77.6551416, 12.9804213 ], [ 77.6552636, 12.9804321 ], [ 77.65553060000002, 12.9803324 ], [ 77.6560363, 12.9802208 ], [ 77.6561225, 12.9803598 ], [ 77.6563646, 12.9803839 ], [ 77.6565295, 12.9805212 ], [ 77.6566475, 12.9806536 ], [ 77.6569723, 12.9807148 ], [ 77.656940300000016, 12.9806039 ] ] ] } },
{ "type": "Feature", "properties": { "object_uuid": "4fa415ce-5513-4853-8625-d04fba89473c", "Category": "Stream", "bhucode": "200401002020", "Kharab": "STREAM", "data_source_type": "CADASTRAL_KML", "legal_status": "UNVERIFIED" }, "geometry": { "type": "Polygon", "coordinates": [ [ [ 77.656773, 12.9817181 ], [ 77.6568795, 12.9820133 ], [ 77.6570853, 12.9818151 ], [ 77.6569723, 12.9807148 ], [ 77.6566475, 12.9806536 ], [ 77.6566739, 12.9807939 ], [ 77.656773, 12.9817181 ] ] ] } },
{ "type": "Feature", "properties": { "object_uuid": "9eb59780-29e1-4b05-b880-6b18b0a5576a", "Category": "Settlement", "bhucode": "200401002020", "Kharab": "PALYA", "data_source_type": "CADASTRAL_KML", "legal_status": "UNVERIFIED" }, "geometry": { "type": "Polygon", "coordinates": [ [ [ 77.657606, 12.9823815 ], [ 77.6576346, 12.9824887 ], [ 77.6579751, 12.9825128 ], [ 77.6580674, 12.9824659 ], [ 77.6580343, 12.9817963 ], [ 77.6575402, 12.9818563 ], [ 77.657606, 12.9823815 ] ] ] } },
{ "type": "Feature", "properties": { "object_uuid": "098786fd-bc7e-45f0-8424-0d8a91f518fc", "Category": "Tank", "bhucode": "200401002045", "Kharab": "TANK", "data_source_type": "CADASTRAL_KML", "legal_status": "UNVERIFIED" }, "geometry": { "type": "Polygon", "coordinates": [ [ [ 77.6478427, 12.9788262 ], [ 77.6481189, 12.9787855 ], [ 77.64818750000002, 12.9787572 ], [ 77.6481793, 12.9786048 ], [ 77.6481667, 12.9785797 ], [ 77.6481157, 12.9785729 ], [ 77.6479439, 12.9785955 ], [ 77.6478536, 12.9786286 ], [ 77.6478427, 12.9788262 ] ] ] } },
{ "type": "Feature", "properties": { "object_uuid": "d5a53ddd-a6da-4acc-9fd7-d7f27d2077cc", "Category": "Tank", "bhucode": "200401002004", "Kharab": "TANK", "data_source_type": "CADASTRAL_KML", "legal_status": "UNVERIFIED" }, "geometry": { "type": "Polygon", "coordinates": [ [ [ 77.6468569, 12.9824293 ], [ 77.6465314, 12.9827625 ], [ 77.6466888, 12.9829935 ], [ 77.6470427, 12.9827071 ], [ 77.6468569, 12.9824293 ] ] ] } },
{ "type": "Feature", "properties": { "object_uuid": "46257fe2-5127-4ae8-ab6f-b5aea825df0d", "Category": "Stream", "bhucode": "200401002020", "Kharab": "STREAM", "data_source_type": "CADASTRAL_KML", "legal_status": "UNVERIFIED" }, "geometry": { "type": "Polygon", "coordinates": [ [ [ 77.6619562, 12.9826965 ], [ 77.6619145, 12.9823285 ], [ 77.6618773, 12.9821422 ], [ 77.661944, 12.9816737 ], [ 77.6618951, 12.9810039 ], [ 77.6619321, 12.9796747 ], [ 77.6617082, 12.9795943 ], [ 77.6617467, 12.9802885 ], [ 77.6616972, 12.981052 ], [ 77.6617399, 12.9816111 ], [ 77.6617596, 12.9821445 ], [ 77.6618744, 12.9827173 ], [ 77.6619562, 12.9826965 ] ] ] } },
{ "type": "Feature", "properties": { "object_uuid": "7a82a488-0640-40c3-9a40-b4317bb30d14", "Category": "Settlement", "bhucode": "200401002020", "Kharab": "SETTLEMENT", "data_source_type": "CADASTRAL_KML", "legal_status": "UNVERIFIED" }, "geometry": { "type": "Polygon", "coordinates": [ [ [ 77.6657018, 12.9824095 ], [ 77.665694300000013, 12.9817276 ], [ 77.6656689, 12.9816115 ], [ 77.6654385, 12.9814943 ], [ 77.6651946, 12.9815366 ], [ 77.6647156, 12.9815854 ], [ 77.664684, 12.9816717 ], [ 77.6646626, 12.982554 ], [ 77.6646853, 12.9826302 ], [ 77.665124, 12.9826998 ], [ 77.6654547, 12.9825554 ], [ 77.6657018, 12.9824095 ] ] ] } },
{ "type": "Feature", "properties": { "object_uuid": "85f369fb-b639-4d05-9ee1-bd35bc905749", "Category": "Road", "bhucode": "200401002020", "Kharab": "ROAD", "data_source_type": "CADASTRAL_KML", "legal_status": "UNVERIFIED" }, "geometry": { "type": "Polygon", "coordinates": [ [ [ 77.6635078, 12.9834983 ], [ 77.6643523, 12.9827881 ], [ 77.6646853, 12.9826302 ], [ 77.6646626, 12.982554 ], [ 77.6642869, 12.9826885 ], [ 77.6641291, 12.9828369 ], [ 77.6635583, 12.9833177 ], [ 77.6634457, 12.9834432 ], [ 77.6635078, 12.9834983 ] ] ] } },
{ "type": "Feature", "properties": { "object_uuid": "c7976f3d-0d71-4c4a-89aa-240283bfd7a2", "Category": "Road", "bhucode": "200401002003", "Kharab": "ROAD", "data_source_type": "CADASTRAL_KML", "legal_status": "UNVERIFIED" }, "geometry": { "type": "Polygon", "coordinates": [ [ [ 77.6615468, 12.9858968 ], [ 77.6625483, 12.985853 ], [ 77.6645573, 12.9855933 ], [ 77.6645569, 12.9854355 ], [ 77.6625104, 12.9857361 ], [ 77.6605439, 12.9858621 ], [ 77.6607397, 12.985907 ], [ 77.6615468, 12.9858968 ] ] ] } },
{ "type": "Feature", "properties": { "object_uuid": "6b526dbb-f060-48cb-8fc5-7b289e19e2e3", "Category": "Road", "bhucode": "200401002020", "Kharab": "ROAD", "data_source_type": "CADASTRAL_KML", "legal_status": "UNVERIFIED" }, "geometry": { "type": "Polygon", "coordinates": [ [ [ 77.6623555, 12.9856299 ], [ 77.6604382, 12.9857334 ], [ 77.6603668, 12.9857402 ], [ 77.6603889, 12.9858639 ], [ 77.6605439, 12.9858621 ], [ 77.6623787, 12.985743 ], [ 77.6623555, 12.9856299 ] ] ] } },
{ "type": "Feature", "properties": { "object_uuid": "5fe495d7-7ac4-4ece-a824-c111a24c3676", "Category": "Stream", "bhucode": "200101004043", "Kharab": "STREAM", "data_source_type": "CADASTRAL_KML", "legal_status": "UNVERIFIED" }, "geometry": { "type": "Polygon", "coordinates": [ [ [ 77.6447587, 12.9884696 ], [ 77.6450102, 12.9884806 ], [ 77.644997, 12.9884038 ], [ 77.6448249, 12.9883883 ], [ 77.6446473, 12.9883271 ], [ 77.6444994, 12.9883357 ], [ 77.6444431, 12.988471 ], [ 77.6445613, 12.9885183 ], [ 77.6446052, 12.9884125 ], [ 77.6447587, 12.9884696 ] ] ] } },
{ "type": "Feature", "properties": { "object_uuid": "7f4e1285-3490-411e-b0c2-d160ccee97f4", "Category": "Road", "bhucode": "200401002004", "Kharab": "ROAD", "data_source_type": "CADASTRAL_KML", "legal_status": "UNVERIFIED" }, "geometry": { "type": "Polygon", "coordinates": [ [ [ 77.6500259, 12.987913 ], [ 77.6476505, 12.9867827 ], [ 77.6451102, 12.9856912 ], [ 77.6445628, 12.9854893 ], [ 77.6445918, 12.9858944 ], [ 77.6472439, 12.9869363 ], [ 77.648162, 12.9873697 ], [ 77.6499507, 12.9881528 ], [ 77.6500259, 12.987913 ] ] ] } },
{ "type": "Feature", "properties": { "object_uuid": "48688e75-7822-4a74-878e-f3bd5f6e396e", "Category": "Stream", "bhucode": "200401002004", "Kharab": "STREAM", "data_source_type": "CADASTRAL_KML", "legal_status": "UNVERIFIED" }, "geometry": { "type": "Polygon", "coordinates": [ [ [ 77.6460346, 12.9882329 ], [ 77.6465047, 12.988197 ], [ 77.6468157, 12.9882429 ], [ 77.6468157, 12.9881235 ], [ 77.6465709, 12.9881209 ], [ 77.6463878, 12.9880899 ], [ 77.646107900000018, 12.9881286 ], [ 77.644997, 12.9884038 ], [ 77.6450102, 12.9884806 ], [ 77.6453051, 12.9883957 ], [ 77.6455898, 12.9883498 ], [ 77.6460346, 12.9882329 ] ] ] } },
{ "type": "Feature", "properties": { "object_uuid": "efd8c9b2-fda7-44a3-a9eb-0844712f4e7f", "Category": "Stream", "bhucode": "200401002021", "Kharab": "STREAM", "data_source_type": "CADASTRAL_KML", "legal_status": "UNVERIFIED" }, "geometry": { "type": "Polygon", "coordinates": [ [ [ 77.6455995, 12.988425 ], [ 77.6461119, 12.9882885 ], [ 77.6468052, 12.9882738 ], [ 77.6469013, 12.9882134 ], [ 77.6469145, 12.9881787 ], [ 77.646892, 12.9881507 ], [ 77.6468157, 12.9881235 ], [ 77.6468157, 12.9882429 ], [ 77.6465047, 12.988197 ], [ 77.6463268, 12.9881988 ], [ 77.6460346, 12.9882329 ], [ 77.6455898, 12.9883498 ], [ 77.6453051, 12.9883957 ], [ 77.6450102, 12.9884806 ], [ 77.6453456, 12.9884373 ], [ 77.6455995, 12.988425 ] ] ] } },
{ "type": "Feature", "properties": { "object_uuid": "31ee9084-442d-4c58-b0fc-d3d2f296820c", "Category": "Road", "bhucode": "200101004043", "Kharab": "ROAD", "data_source_type": "CADASTRAL_KML", "legal_status": "UNVERIFIED" }, "geometry": { "type": "Polygon", "coordinates": [ [ [ 77.6440826, 12.9852995 ], [ 77.6429453, 12.9849126 ], [ 77.6410636, 12.9840244 ], [ 77.6407316, 12.9839512 ], [ 77.6404815, 12.9838637 ], [ 77.6402869, 12.9837601 ], [ 77.6397357, 12.9833532 ], [ 77.638951, 12.9832359 ], [ 77.6389718, 12.9831104 ], [ 77.6381363, 12.9829847 ], [ 77.6373893, 12.9827403 ], [ 77.6373338, 12.9826877 ], [ 77.637108, 12.9825858 ], [ 77.635365, 12.9823048 ], [ 77.6351532, 12.9824452 ], [ 77.633547, 12.9823218 ], [ 77.63350010000002, 12.9825015 ], [ 77.6341484, 12.9826502 ], [ 77.6349996, 12.9827138 ], [ 77.6351894, 12.982827 ], [ 77.6355688, 12.9828494 ], [ 77.6362963, 12.9828255 ], [ 77.6369711, 12.9829339 ], [ 77.6370375, 12.9829673 ], [ 77.638806, 12.983556 ], [ 77.6394778, 12.983713 ], [ 77.6401064, 12.9839663 ], [ 77.6406968, 12.9841183 ], [ 77.6407, 12.9842903 ], [ 77.6410616, 12.984454 ], [ 77.6410292, 12.984967 ], [ 77.641202, 12.9849323 ], [ 77.6412026, 12.9845422 ], [ 77.6415718, 12.9845404 ], [ 77.6421191, 12.9847538 ], [ 77.6423261, 12.984896 ], [ 77.6430569, 12.9851969 ], [ 77.64349, 12.9854519 ], [ 77.6445918, 12.9858944 ], [ 77.6445628, 12.9854893 ], [ 77.6440826, 12.9852995 ] ] ] } },
{ "type": "Feature", "properties": { "object_uuid": "c04a28e1-ac9c-4f27-86a7-9f573a995d14", "Category": "Tank", "bhucode": "200401002027", "Kharab": "TANK", "data_source_type": "CADASTRAL_KML", "legal_status": "UNVERIFIED" }, "geometry": { "type": "Polygon", "coordinates": [ [ [ 77.650532, 12.9877712 ], [ 77.6504024, 12.9877315 ], [ 77.6503279, 12.9878109 ], [ 77.6504555, 12.987867 ], [ 77.650532, 12.9877712 ] ] ] } },
{ "type": "Feature", "properties": { "object_uuid": "d3f9e4d0-2974-4601-91bf-9e8916efdd05", "Category": "Stream", "bhucode": "200401002027", "Kharab": "STREAM", "data_source_type": "CADASTRAL_KML", "legal_status": "UNVERIFIED" }, "geometry": { "type": "Polygon", "coordinates": [ [ [ 77.6517046, 12.9858837 ], [ 77.6518551, 12.9855403 ], [ 77.6520602, 12.9847154 ], [ 77.6520523, 12.9834815 ], [ 77.6511073, 12.9832288 ], [ 77.6509104, 12.9831875 ], [ 77.650503400000019, 12.9831887 ], [ 77.6504989, 12.9832583 ], [ 77.6509, 12.9832393 ], [ 77.6519157, 12.9834973 ], [ 77.651935, 12.9844914 ], [ 77.6516838, 12.9855031 ], [ 77.6513803, 12.9864578 ], [ 77.65136, 12.9869686 ], [ 77.651304, 12.987318 ], [ 77.6512054, 12.9877279 ], [ 77.6510703, 12.9881345 ], [ 77.6511543, 12.9881731 ], [ 77.6513262, 12.9877424 ], [ 77.6515597, 12.98677 ], [ 77.6517046, 12.9858837 ] ] ] } },
{ "type": "Feature", "properties": { "object_uuid": "dbf7c67c-bae7-4d06-a42a-96a201337245", "Category": "Stream", "bhucode": "200401002027", "Kharab": "STREAM", "data_source_type": "CADASTRAL_KML", "legal_status": "UNVERIFIED" }, "geometry": { "type": "Polygon", "coordinates": [ [ [ 77.6513262, 12.9877424 ], [ 77.6515597, 12.98677 ], [ 77.6517046, 12.9858837 ], [ 77.6518551, 12.9855403 ], [ 77.6520602, 12.9847154 ], [ 77.6520543, 12.9835325 ], [ 77.6522235, 12.9835755 ], [ 77.6516493, 12.9833423 ], [ 77.6509094, 12.9831622 ], [ 77.6505056, 12.9831538 ], [ 77.6504989, 12.9832583 ], [ 77.6509, 12.9832393 ], [ 77.6519157, 12.9834973 ], [ 77.651935, 12.9844914 ], [ 77.6516838, 12.9855031 ], [ 77.6513803, 12.9864578 ], [ 77.65136, 12.9869686 ], [ 77.651304, 12.987318 ], [ 77.6512054, 12.9877279 ], [ 77.6510703, 12.9881345 ], [ 77.6511543, 12.9881731 ], [ 77.6513262, 12.9877424 ] ] ] } },
{ "type": "Feature", "properties": { "object_uuid": "273566c1-cf31-4673-a5e8-9477e8c448ae", "Category": "Tank", "bhucode": "200401002027", "Kharab": "TANK", "data_source_type": "CADASTRAL_KML", "legal_status": "UNVERIFIED" }, "geometry": { "type": "Polygon", "coordinates": [ [ [ 77.6505725, 12.9860554 ], [ 77.650552800000014, 12.9860777 ], [ 77.650513, 12.9862075 ], [ 77.6505227, 12.9862391 ], [ 77.6507129, 12.986266 ], [ 77.6507514, 12.9862494 ], [ 77.6507884, 12.9860892 ], [ 77.6507356, 12.9860651 ], [ 77.6505725, 12.9860554 ] ] ] } },
{ "type": "Feature", "properties": { "object_uuid": "e5965e71-0726-4a3e-a61f-4de0d52a30a9", "Category": "Tank", "bhucode": "200401002027", "Kharab": "TANK", "data_source_type": "CADASTRAL_KML", "legal_status": "UNVERIFIED" }, "geometry": { "type": "Polygon", "coordinates": [ [ [ 77.651304, 12.987318 ], [ 77.6508245, 12.9872936 ], [ 77.6507279, 12.9876426 ], [ 77.6512054, 12.9877279 ], [ 77.651304, 12.987318 ] ] ] } },
{ "type": "Feature", "properties": { "object_uuid": "d14d6ffb-76ec-4825-a749-743c0096e8b0", "Category": "Stream", "bhucode": "200401002027", "Kharab": "STREAM", "data_source_type": "CADASTRAL_KML", "legal_status": "UNVERIFIED" }, "geometry": { "type": "Polygon", "coordinates": [ [ [ 77.6509314, 12.9859412 ], [ 77.6510308, 12.9859012 ], [ 77.6511849, 12.9857742 ], [ 77.6512578, 12.9856433 ], [ 77.6511014, 12.9857661 ], [ 77.651006900000013, 12.9858831 ], [ 77.6509314, 12.9859412 ] ] ] } },
{ "type": "Feature", "properties": { "object_uuid": "2965360b-00be-4363-8eb6-169352670516", "Category": "Stream", "bhucode": "200401002027", "Kharab": "STREAM", "data_source_type": "CADASTRAL_KML", "legal_status": "UNVERIFIED" }, "geometry": { "type": "Polygon", "coordinates": [ [ [ 77.6515248, 12.9853365 ], [ 77.6514757, 12.9850368 ], [ 77.6514811, 12.9849725 ], [ 77.6515535, 12.9848473 ], [ 77.6515574, 12.9846882 ], [ 77.6516179, 12.9845879 ], [ 77.6516402, 12.9845023 ], [ 77.6516411, 12.9844371 ], [ 77.6516115, 12.9842964 ], [ 77.6516932, 12.984176 ], [ 77.6516955, 12.9840426 ], [ 77.6517088, 12.9840005 ], [ 77.6518431, 12.9838763 ], [ 77.6519228, 12.9838596 ], [ 77.6519195, 12.9836914 ], [ 77.6516593, 12.9839302 ], [ 77.6516189, 12.9840104 ], [ 77.6515964, 12.9841314 ], [ 77.651514, 12.9842788 ], [ 77.6515079, 12.9843334 ], [ 77.6515244, 12.984441 ], [ 77.6515134, 12.984525 ], [ 77.6514498, 12.9847029 ], [ 77.651447, 12.9848531 ], [ 77.6513896, 12.9849236 ], [ 77.651362, 12.9850475 ], [ 77.651372, 12.9851051 ], [ 77.6514633, 12.9853178 ], [ 77.6514505, 12.9854367 ], [ 77.6515046, 12.9853851 ], [ 77.6515248, 12.9853365 ] ] ] } },
{ "type": "Feature", "properties": { "object_uuid": "cc519b8a-357f-49fe-9500-1b3f12682646", "Category": "Settlement", "bhucode": "200401002027", "Kharab": "SETTLEMENT", "data_source_type": "CADASTRAL_KML", "legal_status": "UNVERIFIED" }, "geometry": { "type": "Polygon", "coordinates": [ [ [ 77.6533342, 12.9856763 ], [ 77.6537977, 12.9856703 ], [ 77.653913100000011, 12.9856554 ], [ 77.6538922, 12.985298 ], [ 77.6538282, 12.9851951 ], [ 77.6536506, 12.985054 ], [ 77.6520602, 12.9847154 ], [ 77.6518551, 12.9855403 ], [ 77.6520584, 12.9855529 ], [ 77.6527953, 12.985847 ], [ 77.6533342, 12.9856763 ] ] ] } },
{ "type": "Feature", "properties": { "object_uuid": "e866eb7d-bf40-4d12-b671-aef23b7ed252", "Category": "Stream", "bhucode": "200401002027", "Kharab": "STREAM", "data_source_type": "CADASTRAL_KML", "legal_status": "UNVERIFIED" }, "geometry": { "type": "Polygon", "coordinates": [ [ [ 77.6520609, 12.9845575 ], [ 77.6521516, 12.98456 ], [ 77.6522525, 12.9845264 ], [ 77.6523356, 12.9844686 ], [ 77.6524363, 12.9843336 ], [ 77.652611900000011, 12.9842839 ], [ 77.6527763, 12.9841602 ], [ 77.652832, 12.9841353 ], [ 77.6529168, 12.9841355 ], [ 77.6528015, 12.9841261 ], [ 77.6526108, 12.9842338 ], [ 77.6524436, 12.9842533 ], [ 77.6523793, 12.984275 ], [ 77.6522986, 12.9843302 ], [ 77.652194, 12.984449 ], [ 77.6521471, 12.9844589 ], [ 77.6520589, 12.9844499 ], [ 77.6520609, 12.9845575 ] ] ] } },
{ "type": "Feature", "properties": { "object_uuid": "2e763fbf-8d5a-4640-b6ec-a492d562d0a8", "Category": "Road", "bhucode": "200401002027", "Kharab": "ROAD", "data_source_type": "CADASTRAL_KML", "legal_status": "UNVERIFIED" }, "geometry": { "type": "Polygon", "coordinates": [ [ [ 77.6540045, 12.9894837 ], [ 77.654035300000018, 12.9886208 ], [ 77.6539559, 12.9876335 ], [ 77.653953, 12.987264 ], [ 77.6538923, 12.9863738 ], [ 77.6539275, 12.9858696 ], [ 77.653913100000011, 12.9856554 ], [ 77.6537977, 12.9856703 ], [ 77.6537792, 12.9865072 ], [ 77.6539326, 12.9887992 ], [ 77.653879, 12.989426 ], [ 77.6540045, 12.9894837 ] ] ] } },
{ "type": "Feature", "properties": { "object_uuid": "f37eeb56-53fc-431c-8bc3-6c8a32eb3085", "Category": "Road", "bhucode": "200401002027", "Kharab": "ROAD", "data_source_type": "CADASTRAL_KML", "legal_status": "UNVERIFIED" }, "geometry": { "type": "Polygon", "coordinates": [ [ [ 77.6605439, 12.9858621 ], [ 77.6596949, 12.985872 ], [ 77.6585362, 12.9857882 ], [ 77.6578251, 12.9857614 ], [ 77.6538922, 12.985298 ], [ 77.653897, 12.9854268 ], [ 77.6539881, 12.9853798 ], [ 77.6555217, 12.9855906 ], [ 77.6584361, 12.985924 ], [ 77.6605395, 12.9859883 ], [ 77.6605439, 12.9858621 ] ] ] } },
{ "type": "Feature", "properties": { "object_uuid": "d44227fd-1b32-48b4-bd23-4310d1a91d97", "Category": "Tank", "bhucode": "200401002027", "Kharab": "TANK", "data_source_type": "CADASTRAL_KML", "legal_status": "UNVERIFIED" }, "geometry": { "type": "Polygon", "coordinates": [ [ [ 77.6584427, 12.9886956 ], [ 77.6581679, 12.9886651 ], [ 77.6581088, 12.9889521 ], [ 77.6584147, 12.9889595 ], [ 77.6584858, 12.988735 ], [ 77.6584778, 12.9887133 ], [ 77.6584427, 12.9886956 ] ] ] } },
{ "type": "Feature", "properties": { "object_uuid": "792fc881-bd4e-45fe-a6c4-13dc3e7a9210", "Category": "Settlement", "bhucode": "200401002003", "Kharab": "MAJARE_BASAVANAPURA", "data_source_type": "CADASTRAL_KML", "legal_status": "UNVERIFIED" }, "geometry": { "type": "Polygon", "coordinates": [ [ [ 77.6636944, 12.990921 ], [ 77.6637932, 12.9901826 ], [ 77.6644757, 12.9902963 ], [ 77.6645737, 12.9901869 ], [ 77.6648727, 12.9903388 ], [ 77.664823100000021, 12.9899471 ], [ 77.6648795, 12.9896983 ], [ 77.6637276, 12.9896607 ], [ 77.6627105, 12.9894687 ], [ 77.6626723, 12.9896562 ], [ 77.6626574, 12.9904106 ], [ 77.6632364, 12.9904982 ], [ 77.6632105, 12.9908397 ], [ 77.6636944, 12.990921 ] ] ] } },
{ "type": "Feature", "properties": { "object_uuid": "619d98c1-3ac7-49ce-8704-050ba1518fe8", "Category": "Stream", "bhucode": "200401002021", "Kharab": "STREAM", "data_source_type": "CADASTRAL_KML", "legal_status": "UNVERIFIED" }, "geometry": { "type": "Polygon", "coordinates": [ [ [ 77.6375935, 12.99268 ], [ 77.6373786, 12.9923487 ], [ 77.6370555, 12.9918023 ], [ 77.6368899, 12.9915979 ], [ 77.6366504, 12.991229 ], [ 77.6364164, 12.9907643 ], [ 77.6361715, 12.9904757 ], [ 77.6360466, 12.9900628 ], [ 77.637005, 12.9893576 ], [ 77.6380052, 12.9887389 ], [ 77.6381436, 12.988846 ], [ 77.6380978, 12.9890214 ], [ 77.6383209, 12.9890495 ], [ 77.6384071, 12.9898707 ], [ 77.6386397, 12.9906764 ], [ 77.6387243, 12.991198 ], [ 77.6389961, 12.9918961 ], [ 77.6391339, 12.9923203 ], [ 77.639447, 12.992241 ], [ 77.6392901, 12.9918856 ], [ 77.6390046, 12.9913163 ], [ 77.6388235, 12.9910733 ], [ 77.6388017, 12.9905553 ], [ 77.638533700000011, 12.9896829 ], [ 77.6385351, 12.9893054 ], [ 77.6384969, 12.9890711 ], [ 77.6391844, 12.989153 ], [ 77.6404148, 12.9889071 ], [ 77.6407301, 12.9890415 ], [ 77.6408261, 12.9888729 ], [ 77.6409884, 12.9888881 ], [ 77.6410502, 12.9890005 ], [ 77.6411992, 12.9890397 ], [ 77.6413275, 12.9890254 ], [ 77.6414896, 12.9890531 ], [ 77.6417242, 12.989003 ], [ 77.641949, 12.9890669 ], [ 77.64214960000001, 12.9890468 ], [ 77.6422405, 12.9891177 ], [ 77.6423533, 12.9891478 ], [ 77.6425301, 12.9893144 ], [ 77.642809, 12.989682 ], [ 77.6429877, 12.9896498 ], [ 77.6439577, 12.9892487 ], [ 77.6442605, 12.9892013 ], [ 77.6444611, 12.9890795 ], [ 77.6445593, 12.9889 ], [ 77.64453180000001, 12.9885894 ], [ 77.6445613, 12.9885183 ], [ 77.6444431, 12.988471 ], [ 77.6444232, 12.9889687 ], [ 77.6440428, 12.9891132 ], [ 77.6437542, 12.9891659 ], [ 77.6433337, 12.9893242 ], [ 77.6430672, 12.9895219 ], [ 77.642852, 12.9895425 ], [ 77.6426456, 12.9891889 ], [ 77.6424768, 12.9891165 ], [ 77.6424166, 12.9890701 ], [ 77.6423201, 12.989039 ], [ 77.6421999, 12.9889661 ], [ 77.6420061, 12.9889417 ], [ 77.6417873, 12.9888729 ], [ 77.6416644, 12.9888657 ], [ 77.6414236, 12.9889098 ], [ 77.6411718, 12.9889161 ], [ 77.6410953, 12.9888809 ], [ 77.6410245, 12.9887872 ], [ 77.6405703, 12.9887638 ], [ 77.6402044, 12.9887995 ], [ 77.6392473, 12.9889519 ], [ 77.638814, 12.9888617 ], [ 77.6384462, 12.9888511 ], [ 77.6381394, 12.9886906 ], [ 77.6379653, 12.9886298 ], [ 77.637573, 12.988878 ], [ 77.637332, 12.9890538 ], [ 77.6360254, 12.9898897 ], [ 77.6359776, 12.9899996 ], [ 77.6359614, 12.9901961 ], [ 77.6363111, 12.9907968 ], [ 77.637523, 12.9927112 ], [ 77.6375935, 12.99268 ] ] ] } },
{ "type": "Feature", "properties": { "object_uuid": "8cef2495-3c3e-4131-84c8-b7f2222555ff", "Category": "Rail", "bhucode": "200401002021", "Kharab": "RAILWAY", "data_source_type": "CADASTRAL_KML", "legal_status": "UNVERIFIED" }, "geometry": { "type": "Polygon", "coordinates": [ [ [ 77.6386668, 12.992862 ], [ 77.6397269, 12.9927392 ], [ 77.6398793, 12.9927448 ], [ 77.6407932, 12.9924586 ], [ 77.6415443, 12.9923157 ], [ 77.6417835, 12.9922372 ], [ 77.642079, 12.9923057 ], [ 77.6423521, 12.9921357 ], [ 77.6424776, 12.9920985 ], [ 77.6427402, 12.9919883 ], [ 77.6434341, 12.9919231 ], [ 77.6434454, 12.9919676 ], [ 77.6440263, 12.9918614 ], [ 77.6444809, 12.9916904 ], [ 77.6452162, 12.99157 ], [ 77.6463548, 12.9912839 ], [ 77.6470036, 12.9911636 ], [ 77.6486168, 12.9910008 ], [ 77.6497693, 12.9910349 ], [ 77.6497847, 12.9907922 ], [ 77.64987, 12.9905568 ], [ 77.6492672, 12.9905643 ], [ 77.6477774, 12.9906546 ], [ 77.6468938, 12.9907837 ], [ 77.6451461, 12.9911633 ], [ 77.6443545, 12.9912936 ], [ 77.6439332, 12.9914235 ], [ 77.6436736, 12.9914863 ], [ 77.6434168, 12.9914809 ], [ 77.6432789, 12.9915856 ], [ 77.6421165, 12.9917709 ], [ 77.639447, 12.992241 ], [ 77.6391339, 12.9923203 ], [ 77.6380589, 12.9925429 ], [ 77.6375935, 12.99268 ], [ 77.6376359, 12.9930349 ], [ 77.6376704, 12.9931215 ], [ 77.6381471, 12.9929771 ], [ 77.6386668, 12.992862 ] ] ] } },
{ "type": "Feature", "properties": { "object_uuid": "0ae2760e-e065-4fea-8c6a-6ff699b5da90", "Category": "Road", "bhucode": "200401002021", "Kharab": "ROAD", "data_source_type": "CADASTRAL_KML", "legal_status": "UNVERIFIED" }, "geometry": { "type": "Polygon", "coordinates": [ [ [ 77.6398786, 12.9937486 ], [ 77.6405822, 12.9933807 ], [ 77.6409006, 12.99331 ], [ 77.6413629, 12.9932715 ], [ 77.6415383, 12.9932815 ], [ 77.6415187, 12.9931771 ], [ 77.6409134, 12.9932009 ], [ 77.6400895, 12.9934086 ], [ 77.6397733, 12.9935762 ], [ 77.6398786, 12.9937486 ] ] ] } },
{ "type": "Feature", "properties": { "object_uuid": "6dba9424-1a5a-43c7-bdf2-465fd54f6361", "Category": "Settlement", "bhucode": "200401002021", "Kharab": "SETTLEMENT", "data_source_type": "CADASTRAL_KML", "legal_status": "UNVERIFIED" }, "geometry": { "type": "Polygon", "coordinates": [ [ [ 77.6434402, 12.9950167 ], [ 77.6434141, 12.9946136 ], [ 77.6433692, 12.9943696 ], [ 77.6434183, 12.9940974 ], [ 77.6434055, 12.9935939 ], [ 77.643502, 12.9931964 ], [ 77.643379, 12.9929394 ], [ 77.6430067, 12.9927752 ], [ 77.6426487, 12.9926958 ], [ 77.642127, 12.9927825 ], [ 77.6420508, 12.9928221 ], [ 77.6415018, 12.9929465 ], [ 77.6415771, 12.9938424 ], [ 77.6417257, 12.9938862 ], [ 77.6417738, 12.9944586 ], [ 77.642973, 12.9953352 ], [ 77.6431413, 12.995372 ], [ 77.6432829, 12.9953533 ], [ 77.6434375, 12.9954254 ], [ 77.6434402, 12.9950167 ] ] ] } },
{ "type": "Feature", "properties": { "object_uuid": "88107075-a6c3-4759-9177-5ad87a9fdc7e", "Category": "Road", "bhucode": "200401002021", "Kharab": "ROAD", "data_source_type": "CADASTRAL_KML", "legal_status": "UNVERIFIED" }, "geometry": { "type": "Polygon", "coordinates": [ [ [ 77.6421165, 12.9917709 ], [ 77.6419617, 12.9909997 ], [ 77.6418065, 12.9907747 ], [ 77.641622, 12.9905877 ], [ 77.6416822, 12.990853 ], [ 77.6419471, 12.9916724 ], [ 77.6421165, 12.9917709 ] ] ] } },
{ "type": "Feature", "properties": { "object_uuid": "08cff3fd-3be3-48c3-8729-3308096bc065", "Category": "Road", "bhucode": "200401002021", "Kharab": "ROAD", "data_source_type": "CADASTRAL_KML", "legal_status": "UNVERIFIED" }, "geometry": { "type": "Polygon", "coordinates": [ [ [ 77.643379, 12.9929394 ], [ 77.6425863, 12.9923168 ], [ 77.6424776, 12.9920985 ], [ 77.6423521, 12.9921357 ], [ 77.6424997, 12.9923745 ], [ 77.6430067, 12.9927752 ], [ 77.643379, 12.9929394 ] ] ] } },
{ "type": "Feature", "properties": { "object_uuid": "3580d4be-59d2-4842-b057-a8a212811f76", "Category": "Stream", "bhucode": "200401002021", "Kharab": "STREAM", "data_source_type": "CADASTRAL_KML", "legal_status": "UNVERIFIED" }, "geometry": { "type": "Polygon", "coordinates": [ [ [ 77.6453902, 12.9949525 ], [ 77.6453127, 12.9939663 ], [ 77.6451684, 12.9931506 ], [ 77.6445642, 12.9932248 ], [ 77.6443244, 12.9924439 ], [ 77.6441958, 12.9918001 ], [ 77.6440437, 12.991858 ], [ 77.6441909, 12.9925467 ], [ 77.6443699, 12.9929919 ], [ 77.6444353, 12.9932829 ], [ 77.645063, 12.9933587 ], [ 77.6452085, 12.9939542 ], [ 77.6453053, 12.9950479 ], [ 77.6454138, 12.9950276 ], [ 77.6453902, 12.9949525 ] ] ] } },
{ "type": "Feature", "properties": { "object_uuid": "ca77e8ee-a412-4b10-8c40-8e4affc94d96", "Category": "Road", "bhucode": "200401002021", "Kharab": "ROAD", "data_source_type": "CADASTRAL_KML", "legal_status": "UNVERIFIED" }, "geometry": { "type": "Polygon", "coordinates": [ [ [ 77.6451144, 12.9909126 ], [ 77.6450023, 12.9905403 ], [ 77.6449962, 12.9901765 ], [ 77.645067, 12.9897684 ], [ 77.6449712, 12.989649 ], [ 77.6448977, 12.9899501 ], [ 77.6449397, 12.9907579 ], [ 77.6450358, 12.9911725 ], [ 77.6451461, 12.9911633 ], [ 77.6451144, 12.9909126 ] ] ] } },
{ "type": "Feature", "properties": { "object_uuid": "9dc3d7b0-b679-44f8-806a-c5b12a77dffc", "Category": "Stream", "bhucode": "200401002021", "Kharab": "STREAM", "data_source_type": "CADASTRAL_KML", "legal_status": "UNVERIFIED" }, "geometry": { "type": "Polygon", "coordinates": [ [ [ 77.6422535, 12.9968248 ], [ 77.6421808, 12.995939 ], [ 77.6422377, 12.9956071 ], [ 77.6419186, 12.9956385 ], [ 77.6412864, 12.9956434 ], [ 77.6409329, 12.9947601 ], [ 77.641266, 12.9947483 ], [ 77.641777, 12.9946354 ], [ 77.6428229, 12.9953745 ], [ 77.642973, 12.9953352 ], [ 77.6417738, 12.9944586 ], [ 77.6411394, 12.9946216 ], [ 77.6409411, 12.9945766 ], [ 77.6407229, 12.9933496 ], [ 77.6405822, 12.9933807 ], [ 77.6408356, 12.9948134 ], [ 77.6411947, 12.9957831 ], [ 77.6420305, 12.9957971 ], [ 77.6421423, 12.9968244 ], [ 77.6422535, 12.9968248 ] ] ] } },
{ "type": "Feature", "properties": { "object_uuid": "44a87f59-1578-4d10-89ab-b2b7a049ed55", "Category": "Road", "bhucode": "200401002021", "Kharab": "ROAD", "data_source_type": "CADASTRAL_KML", "legal_status": "UNVERIFIED" }, "geometry": { "type": "Polygon", "coordinates": [ [ [ 77.6486504, 12.9952122 ], [ 77.6483003, 12.9952109 ], [ 77.6480112, 12.9951661 ], [ 77.6474004, 12.9951268 ], [ 77.6466811, 12.995119 ], [ 77.6461928, 12.9950835 ], [ 77.6453899, 12.9949517 ], [ 77.6454138, 12.9950276 ], [ 77.6459818, 12.9951399 ], [ 77.6463995, 12.9951898 ], [ 77.6474853, 12.9952258 ], [ 77.6477457, 12.9952769 ], [ 77.6483012, 12.9953108 ], [ 77.6486532, 12.9953101 ], [ 77.6486504, 12.9952122 ] ] ] } },
{ "type": "Feature", "properties": { "object_uuid": "d8941d2e-6b4b-495b-9f4f-50ef74314b47", "Category": "Road", "bhucode": "200401002021", "Kharab": "ROAD", "data_source_type": "CADASTRAL_KML", "legal_status": "UNVERIFIED" }, "geometry": { "type": "Polygon", "coordinates": [ [ [ 77.6470019, 12.9907672 ], [ 77.6469226, 12.9896407 ], [ 77.6468297, 12.9896333 ], [ 77.6468946, 12.9901849 ], [ 77.6468938, 12.9907837 ], [ 77.6470019, 12.9907672 ] ] ] } },
{ "type": "Feature", "properties": { "object_uuid": "5bff3265-3dcd-4a5e-88fd-25a5716f8363", "Category": "Road", "bhucode": "200401002021", "Kharab": "ROAD", "data_source_type": "CADASTRAL_KML", "legal_status": "UNVERIFIED" }, "geometry": { "type": "Polygon", "coordinates": [ [ [ 77.6464191, 12.9932209 ], [ 77.6461687, 12.9930721 ], [ 77.6460432, 12.9930808 ], [ 77.6453577, 12.9930378 ], [ 77.6454721, 12.9931569 ], [ 77.6464191, 12.9932209 ] ] ] } },
{ "type": "Feature", "properties": { "object_uuid": "c8517b82-f141-4a2a-804c-da0662446d83", "Category": "Tank", "bhucode": "200401002003", "Kharab": "TANK", "data_source_type": "CADASTRAL_KML", "legal_status": "UNVERIFIED" }, "geometry": { "type": "Polygon", "coordinates": [ [ [ 77.6537546, 12.9943233 ], [ 77.6536444, 12.9942801 ], [ 77.6535787, 12.9942958 ], [ 77.6535031, 12.9944027 ], [ 77.6535335, 12.9945084 ], [ 77.6535912, 12.9945691 ], [ 77.6536464, 12.9945925 ], [ 77.6537047, 12.9945614 ], [ 77.65378410000001, 12.9944187 ], [ 77.6537809, 12.9943687 ], [ 77.6537546, 12.9943233 ] ] ] } },
{ "type": "Feature", "properties": { "object_uuid": "dc824190-56f5-499d-92ae-667d42138a00", "Category": "Road", "bhucode": "200401002027", "Kharab": "ROAD", "data_source_type": "CADASTRAL_KML", "legal_status": "UNVERIFIED" }, "geometry": { "type": "Polygon", "coordinates": [ [ [ 77.6574284, 12.991058 ], [ 77.6504788, 12.9878625 ], [ 77.6504604, 12.9878885 ], [ 77.6503075, 12.9878218 ], [ 77.6503242, 12.9877914 ], [ 77.6500968, 12.9876869 ], [ 77.6500259, 12.987913 ], [ 77.652241800000013, 12.9889605 ], [ 77.6549516, 12.9902774 ], [ 77.6569813, 12.9912259 ], [ 77.6572914, 12.9914005 ], [ 77.6574284, 12.991058 ] ] ] } },
{ "type": "Feature", "properties": { "object_uuid": "303c1f3c-0d75-49ab-b9f4-2ccbf4564607", "Category": "Rail", "bhucode": "200401002003", "Kharab": "RAILWAY", "data_source_type": "CADASTRAL_KML", "legal_status": "UNVERIFIED" }, "geometry": { "type": "Polygon", "coordinates": [ [ [ 77.6497847, 12.9907922 ], [ 77.6497693, 12.9910349 ], [ 77.6497845, 12.9910354 ], [ 77.649752, 12.9913481 ], [ 77.651526100000012, 12.9917018 ], [ 77.6515239, 12.9916877 ], [ 77.6528577, 12.9919796 ], [ 77.653855, 12.9923235 ], [ 77.6565357, 12.9938712 ], [ 77.6576417, 12.9944697 ], [ 77.6601153, 12.995733 ], [ 77.661242, 12.996395 ], [ 77.6621552, 12.9969 ], [ 77.6632533, 12.9975455 ], [ 77.6638168, 12.9978397 ], [ 77.6654919, 12.998631 ], [ 77.6662859, 12.998982 ], [ 77.6671871, 12.9993227 ], [ 77.667549, 12.99955 ], [ 77.667603, 12.9994471 ], [ 77.6676151, 12.9994009 ], [ 77.6675958, 12.9991103 ], [ 77.666644300000016, 12.9988318 ], [ 77.666156, 12.9986033 ], [ 77.663503, 12.9971837 ], [ 77.6629792, 12.9968977 ], [ 77.6620557, 12.99631 ], [ 77.6607652, 12.9956858 ], [ 77.6595949, 12.994933 ], [ 77.6578731, 12.9939018 ], [ 77.6541944, 12.9918625 ], [ 77.6524692, 12.9911523 ], [ 77.6510291, 12.9906926 ], [ 77.6498963, 12.9906792 ], [ 77.64987, 12.9905568 ], [ 77.6497847, 12.9907922 ] ] ] } },
{ "type": "Feature", "properties": { "object_uuid": "8aec8ef9-e725-4aba-9aa5-244a191473e2", "Category": "Road", "bhucode": "200401002003", "Kharab": "ROAD", "data_source_type": "CADASTRAL_KML", "legal_status": "UNVERIFIED" }, "geometry": { "type": "Polygon", "coordinates": [ [ [ 77.6690154, 12.9965506 ], [ 77.6685723, 12.9963817 ], [ 77.6669152, 12.995607 ], [ 77.665636, 12.9950917 ], [ 77.6628068, 12.9938796 ], [ 77.6624816, 12.9936866 ], [ 77.6610524, 12.9929507 ], [ 77.6601747, 12.992469 ], [ 77.6573684, 12.9912177 ], [ 77.6572914, 12.9914005 ], [ 77.6569813, 12.9912259 ], [ 77.6549516, 12.9902774 ], [ 77.652241800000013, 12.9889605 ], [ 77.6500259, 12.987913 ], [ 77.6499507, 12.9881528 ], [ 77.6502867, 12.9883376 ], [ 77.6524425, 12.9892717 ], [ 77.6537055, 12.9899752 ], [ 77.6551528, 12.9906064 ], [ 77.6570716, 12.9915102 ], [ 77.6580171, 12.9919986 ], [ 77.6582651, 12.9921509 ], [ 77.6587105, 12.9923771 ], [ 77.660516800000011, 12.9931444 ], [ 77.6620244, 12.9937451 ], [ 77.6629024, 12.9942036 ], [ 77.663968, 12.9945642 ], [ 77.6654646, 12.9952202 ], [ 77.6673929, 12.9960133 ], [ 77.6690369, 12.9967885 ], [ 77.6690154, 12.9965506 ] ] ] } },
{ "type": "Feature", "properties": { "object_uuid": "6023d0f2-b66b-4780-877a-294bdf8139d5", "Category": "Settlement", "bhucode": "200401002003", "Kharab": "SETTLEMENT", "data_source_type": "CADASTRAL_KML", "legal_status": "UNVERIFIED" }, "geometry": { "type": "Polygon", "coordinates": [ [ [ 77.6632973, 12.995084 ], [ 77.6637559, 12.9948068 ], [ 77.663968, 12.9945642 ], [ 77.6629024, 12.9942036 ], [ 77.6626506, 12.9947933 ], [ 77.6620223, 12.994824 ], [ 77.6616927, 12.9949667 ], [ 77.6615909, 12.9953204 ], [ 77.6619398, 12.9954586 ], [ 77.6624342, 12.9954825 ], [ 77.662549, 12.9956483 ], [ 77.6630669, 12.9955761 ], [ 77.6632973, 12.995084 ] ] ] } },
{ "type": "Feature", "properties": { "object_uuid": "cf9b684d-25f9-48dc-9589-c0600a2eee4e", "Category": "Tank", "bhucode": "200401002003", "Kharab": "TANK", "data_source_type": "CADASTRAL_KML", "legal_status": "UNVERIFIED" }, "geometry": { "type": "Polygon", "coordinates": [ [ [ 77.6686302, 12.9971088 ], [ 77.6688071, 12.9971716 ], [ 77.6688815, 12.9970929 ], [ 77.6690369, 12.9967885 ], [ 77.6673929, 12.9960133 ], [ 77.6673331, 12.9960828 ], [ 77.6664342, 12.9958656 ], [ 77.6653696, 12.9954169 ], [ 77.663968, 12.9945642 ], [ 77.6637559, 12.9948068 ], [ 77.6642181, 12.9954723 ], [ 77.6641411, 12.996104 ], [ 77.6639049, 12.9967971 ], [ 77.663704700000011, 12.9972923 ], [ 77.666156, 12.9986033 ], [ 77.666644300000016, 12.9988318 ], [ 77.6664346, 12.9982638 ], [ 77.6673964, 12.9974153 ], [ 77.6685903, 12.9972737 ], [ 77.6686302, 12.9971088 ] ] ] } },
{ "type": "Feature", "properties": { "object_uuid": "e002cca0-acbd-47bf-b624-4c6877382922", "Category": "Road", "bhucode": "200101004046", "Kharab": "ROAD", "data_source_type": "CADASTRAL_KML", "legal_status": "UNVERIFIED" }, "geometry": { "type": "Polygon", "coordinates": [ [ [ 77.6274987, 12.9880284 ], [ 77.6275524, 12.987756 ], [ 77.6273672, 12.9877326 ], [ 77.6271933, 12.9885804 ], [ 77.6248061, 12.9879893 ], [ 77.6247563, 12.9876667 ], [ 77.6246295, 12.9876654 ], [ 77.6246579, 12.9879259 ], [ 77.6244537, 12.9878476 ], [ 77.624131, 12.9878558 ], [ 77.6233328, 12.9877059 ], [ 77.6232823, 12.9878554 ], [ 77.624446300000017, 12.9881079 ], [ 77.6247727, 12.9881563 ], [ 77.6248243, 12.9883665 ], [ 77.6248574, 12.9886199 ], [ 77.6250102, 12.9892168 ], [ 77.6250846, 12.9896607 ], [ 77.625319, 12.9896512 ], [ 77.6251904, 12.9894262 ], [ 77.6250014, 12.9883457 ], [ 77.6248745, 12.9881627 ], [ 77.6267337, 12.9887031 ], [ 77.6274015, 12.9889456 ], [ 77.6282071, 12.9891316 ], [ 77.6292154, 12.9892183 ], [ 77.6310647, 12.9895975 ], [ 77.6312668, 12.9905091 ], [ 77.6317943, 12.9923624 ], [ 77.6320076, 12.9923314 ], [ 77.6315932, 12.9913398 ], [ 77.6312399, 12.9894359 ], [ 77.6274098, 12.9886578 ], [ 77.6274987, 12.9880284 ] ] ] } },
{ "type": "Feature", "properties": { "object_uuid": "7060adb2-8ea9-4584-9305-e4e1fedeecf7", "Category": "Stream", "bhucode": "200101004046", "Kharab": "STREAM", "data_source_type": "CADASTRAL_KML", "legal_status": "UNVERIFIED" }, "geometry": { "type": "Polygon", "coordinates": [ [ [ 77.6287844, 12.991449 ], [ 77.6288764, 12.9914106 ], [ 77.628829, 12.9910423 ], [ 77.6287704, 12.9906869 ], [ 77.6285029, 12.9895798 ], [ 77.6283793, 12.9895872 ], [ 77.6286415, 12.9907308 ], [ 77.6287156, 12.9913563 ], [ 77.6286297, 12.9913688 ], [ 77.6283315, 12.9913774 ], [ 77.6276854, 12.9912258 ], [ 77.6260979, 12.9905628 ], [ 77.626095, 12.9906047 ], [ 77.626013, 12.9905298 ], [ 77.6254992, 12.9899475 ], [ 77.625319, 12.9896512 ], [ 77.6250846, 12.9896607 ], [ 77.6251255, 12.9906204 ], [ 77.6253169, 12.9907319 ], [ 77.6260858, 12.990728 ], [ 77.6265284, 12.9909573 ], [ 77.6269773, 12.9910964 ], [ 77.6274549, 12.9912681 ], [ 77.6283434, 12.9915436 ], [ 77.6285957, 12.9914829 ], [ 77.628685, 12.9918568 ], [ 77.628889, 12.9917295 ], [ 77.6287844, 12.991449 ] ], [ [ 77.6252687, 12.9896828 ], [ 77.6252903, 12.9897673 ], [ 77.6259881, 12.9906586 ], [ 77.6253847, 12.9906511 ], [ 77.6252456, 12.990561 ], [ 77.6252056, 12.9896752 ], [ 77.6252687, 12.9896828 ] ] ] } },
{ "type": "Feature", "properties": { "object_uuid": "caade0d3-0c56-457c-86d6-84ba171f5140", "Category": "Stream", "bhucode": "200101004043", "Kharab": "STREAM", "data_source_type": "CADASTRAL_KML", "legal_status": "UNVERIFIED" }, "geometry": { "type": "Polygon", "coordinates": [ [ [ 77.6380511, 12.988083 ], [ 77.6381017, 12.9881825 ], [ 77.6380915, 12.9882368 ], [ 77.6380326, 12.9883601 ], [ 77.6380707, 12.9884795 ], [ 77.6380636, 12.9885358 ], [ 77.6379826, 12.9886004 ], [ 77.6379653, 12.9886298 ], [ 77.6381394, 12.9886906 ], [ 77.6382094, 12.9886107 ], [ 77.6382197, 12.9885642 ], [ 77.638199, 12.9884669 ], [ 77.6381998, 12.9884112 ], [ 77.6382344, 12.9882881 ], [ 77.6382119, 12.9881865 ], [ 77.6382139, 12.9881201 ], [ 77.6380511, 12.988083 ] ] ] } },
{ "type": "Feature", "properties": { "object_uuid": "ce5c5d5b-faaf-4adc-aef0-564b487940be", "Category": "Road", "bhucode": "200101004043", "Kharab": "ROAD", "data_source_type": "CADASTRAL_KML", "legal_status": "UNVERIFIED" }, "geometry": { "type": "Polygon", "coordinates": [ [ [ 77.6379653, 12.9886298 ], [ 77.6370908, 12.9885096 ], [ 77.6367837, 12.9885358 ], [ 77.6367903, 12.988597 ], [ 77.6370794, 12.9885557 ], [ 77.637898800000016, 12.9886719 ], [ 77.6379653, 12.9886298 ] ] ] } },
{ "type": "Feature", "properties": { "object_uuid": "9a44f417-5eba-4a3c-9ba9-e8b66d4d4bc1", "Category": "Stream", "bhucode": "200401002021", "Kharab": "STREAM", "data_source_type": "CADASTRAL_KML", "legal_status": "UNVERIFIED" }, "geometry": { "type": "Polygon", "coordinates": [ [ [ 77.6370794, 12.9885557 ], [ 77.6367903, 12.988597 ], [ 77.6378067, 12.9887301 ], [ 77.637898800000016, 12.9886719 ], [ 77.6370794, 12.9885557 ] ] ] } },
{ "type": "Feature", "properties": { "object_uuid": "db28acb4-ed49-4ea0-ad79-cb22733824f2", "Category": "Road", "bhucode": "200101004046", "Kharab": "ROAD", "data_source_type": "CADASTRAL_KML", "legal_status": "UNVERIFIED" }, "geometry": { "type": "Polygon", "coordinates": [ [ [ 77.6240548, 12.993231 ], [ 77.6235597, 12.9930054 ], [ 77.6235448, 12.9926819 ], [ 77.6236559, 12.9917456 ], [ 77.6235645, 12.9917822 ], [ 77.6234499, 12.9929948 ], [ 77.6232216, 12.9930057 ], [ 77.6228685, 12.9931392 ], [ 77.6228873, 12.9932488 ], [ 77.6234323, 12.9931057 ], [ 77.6240668, 12.993329 ], [ 77.6240548, 12.993231 ] ] ] } },
{ "type": "Feature", "properties": { "object_uuid": "9caa2f1a-30d4-49e1-8468-5c672805945a", "Category": "Stream", "bhucode": "200101004046", "Kharab": "STREAM", "data_source_type": "CADASTRAL_KML", "legal_status": "UNVERIFIED" }, "geometry": { "type": "Polygon", "coordinates": [ [ [ 77.6220738, 12.9943882 ], [ 77.6221269, 12.9938106 ], [ 77.6221993, 12.9933249 ], [ 77.6221973, 12.9924936 ], [ 77.6222196, 12.9919226 ], [ 77.6220884, 12.9919615 ], [ 77.6220989, 12.9933198 ], [ 77.6219884, 12.9936196 ], [ 77.6218929, 12.9943161 ], [ 77.6220738, 12.9943882 ] ] ] } },
{ "type": "Feature", "properties": { "object_uuid": "8cc3a086-0497-4b8c-ad3c-2adb44397df1", "Category": "Rail", "bhucode": "200401002006", "Kharab": "RAILWAY", "data_source_type": "CADASTRAL_KML", "legal_status": "UNVERIFIED" }, "geometry": { "type": "Polygon", "coordinates": [ [ [ 77.633698200000012, 12.993991 ], [ 77.6345238, 12.9936999 ], [ 77.6356962, 12.99347 ], [ 77.6376704, 12.9931215 ], [ 77.6376359, 12.9930349 ], [ 77.6375935, 12.99268 ], [ 77.637523, 12.9927112 ], [ 77.6374811, 12.9926469 ], [ 77.6367395, 12.9928519 ], [ 77.6343916, 12.9933063 ], [ 77.6335363, 12.9935828 ], [ 77.633698200000012, 12.993991 ] ] ] } },
{ "type": "Feature", "properties": { "object_uuid": "5d0404e5-e401-4ec8-81fc-36f93a32ea76", "Category": "Stream", "bhucode": "200401002021", "Kharab": "STREAM", "data_source_type": "CADASTRAL_KML", "legal_status": "UNVERIFIED" }, "geometry": { "type": "Polygon", "coordinates": [ [ [ 77.6396637, 12.99282 ], [ 77.6397093, 12.9928875 ], [ 77.6397148, 12.9929458 ], [ 77.6399209, 12.9931293 ], [ 77.6399085, 12.9930646 ], [ 77.6398738, 12.9929965 ], [ 77.6398367, 12.9929623 ], [ 77.6398048, 12.9928648 ], [ 77.6397269, 12.9927392 ], [ 77.6396418, 12.9927506 ], [ 77.6396637, 12.99282 ] ] ] } },
{ "type": "Feature", "properties": { "object_uuid": "93f18708-4b71-45d9-aa0f-977dfba31fc0", "Category": "Tank", "bhucode": "200401002021", "Kharab": "TANK", "data_source_type": "CADASTRAL_KML", "legal_status": "UNVERIFIED" }, "geometry": { "type": "Polygon", "coordinates": [ [ [ 77.6383576, 12.9952466 ], [ 77.6400614, 12.9949696 ], [ 77.6398786, 12.9937486 ], [ 77.6397733, 12.9935762 ], [ 77.6394301, 12.9936518 ], [ 77.6389987, 12.9936613 ], [ 77.6382975, 12.9932511 ], [ 77.6381609, 12.9931585 ], [ 77.6378998, 12.9933353 ], [ 77.6382817, 12.9941783 ], [ 77.6384649, 12.9949455 ], [ 77.6383576, 12.9952466 ] ] ] } },
{ "type": "Feature", "properties": { "object_uuid": "f5dbe0c0-387f-4e00-b2ea-12ecd8e5e46f", "Category": "Tank", "bhucode": "200401002006", "Kharab": "TANK", "data_source_type": "CADASTRAL_KML", "legal_status": "UNVERIFIED" }, "geometry": { "type": "Polygon", "coordinates": [ [ [ 77.6368116, 12.9949276 ], [ 77.6366938, 12.994957 ], [ 77.6365431, 12.9949633 ], [ 77.6364569, 12.9949928 ], [ 77.6365556, 12.9951817 ], [ 77.6366265, 12.995205 ], [ 77.6368583, 12.9951916 ], [ 77.6368571, 12.9949863 ], [ 77.636841, 12.9949388 ], [ 77.6368116, 12.9949276 ] ] ] } },
{ "type": "Feature", "properties": { "object_uuid": "dd6a5201-8d7a-4507-a8f6-01b36213ae33", "Category": "Settlement", "bhucode": "200101004046", "Kharab": "SETTLEMENT", "data_source_type": "CADASTRAL_KML", "legal_status": "UNVERIFIED" }, "geometry": { "type": "Polygon", "coordinates": [ [ [ 77.621746, 12.9963067 ], [ 77.621819, 12.9962416 ], [ 77.6218962, 12.9963129 ], [ 77.6220869, 12.9962512 ], [ 77.6220117, 12.995897 ], [ 77.6221046, 12.9958943 ], [ 77.6221198, 12.9957837 ], [ 77.6222853, 12.9958001 ], [ 77.6223084, 12.995693 ], [ 77.6228027, 12.9956335 ], [ 77.6228174, 12.9955141 ], [ 77.6229942, 12.9954985 ], [ 77.6230024, 12.9955685 ], [ 77.6230748, 12.9955465 ], [ 77.6234681, 12.9953523 ], [ 77.6237821, 12.9953772 ], [ 77.6237299, 12.9951535 ], [ 77.6238735, 12.9951155 ], [ 77.623884500000017, 12.994988 ], [ 77.623473, 12.9950169 ], [ 77.6230702, 12.9950947 ], [ 77.6230372, 12.9948763 ], [ 77.6228428, 12.9948763 ], [ 77.6228389, 12.9947596 ], [ 77.6227935, 12.9946473 ], [ 77.6229407, 12.9946071 ], [ 77.622921, 12.9944581 ], [ 77.622593, 12.9945673 ], [ 77.622077, 12.9946793 ], [ 77.6220024, 12.9947305 ], [ 77.6221315, 12.9948845 ], [ 77.622068500000012, 12.9949442 ], [ 77.6219782, 12.994878 ], [ 77.6215544, 12.994862 ], [ 77.6216763, 12.9947059 ], [ 77.6216304, 12.994628 ], [ 77.6215111, 12.9946679 ], [ 77.6214852, 12.9945556 ], [ 77.6208821, 12.994691 ], [ 77.6205909, 12.99472 ], [ 77.6207029, 12.9950481 ], [ 77.6205574, 12.9951202 ], [ 77.620442, 12.995143 ], [ 77.6204645, 12.9952471 ], [ 77.6206362, 12.9952629 ], [ 77.6210454, 12.9957052 ], [ 77.6216384, 12.9963078 ], [ 77.6216311, 12.996454 ], [ 77.6218246, 12.9963729 ], [ 77.621746, 12.9963067 ] ] ] } },
{ "type": "Feature", "properties": { "object_uuid": "94412218-e98a-4c8d-b857-0fac0764c2bc", "Category": "Road", "bhucode": "200101004046", "Kharab": "ROAD", "data_source_type": "CADASTRAL_KML", "legal_status": "UNVERIFIED" }, "geometry": { "type": "Polygon", "coordinates": [ [ [ 77.622077, 12.9946793 ], [ 77.6220738, 12.9943882 ], [ 77.6218929, 12.9943161 ], [ 77.6215418, 12.9943782 ], [ 77.6214998, 12.9942827 ], [ 77.621075, 12.9943534 ], [ 77.6211994, 12.9939098 ], [ 77.6213252, 12.9931266 ], [ 77.6217794, 12.9932233 ], [ 77.6220989, 12.9933198 ], [ 77.6220989, 12.9931971 ], [ 77.6217708, 12.9930956 ], [ 77.6212942, 12.9930028 ], [ 77.6205679, 12.9927837 ], [ 77.6204914, 12.9928852 ], [ 77.6212327, 12.9931522 ], [ 77.6210416, 12.994187 ], [ 77.6209158, 12.9944525 ], [ 77.6214384, 12.9943803 ], [ 77.6214665, 12.9944712 ], [ 77.6219477, 12.9943664 ], [ 77.6220024, 12.9947305 ], [ 77.622077, 12.9946793 ] ] ] } },
{ "type": "Feature", "properties": { "object_uuid": "198c8081-bb81-4652-ad18-abb20c645ff9", "Category": "Rail", "bhucode": "200101004046", "Kharab": "RAILWAY", "data_source_type": "CADASTRAL_KML", "legal_status": "UNVERIFIED" }, "geometry": { "type": "Polygon", "coordinates": [ [ [ 77.6244239, 12.9964406 ], [ 77.6248604, 12.9961372 ], [ 77.626233, 12.9954266 ], [ 77.6269049, 12.9951363 ], [ 77.6273173, 12.9949976 ], [ 77.6273376, 12.9950373 ], [ 77.6278509, 12.9949311 ], [ 77.6285192, 12.9948398 ], [ 77.6289961, 12.9948047 ], [ 77.6291633, 12.9947788 ], [ 77.6292779, 12.9947111 ], [ 77.6299226, 12.9946833 ], [ 77.6298946, 12.9946045 ], [ 77.630665, 12.9944572 ], [ 77.6307302, 12.9945605 ], [ 77.6319905, 12.9942628 ], [ 77.6322178, 12.9942469 ], [ 77.6332032, 12.994095 ], [ 77.633698200000012, 12.993991 ], [ 77.6335363, 12.9935828 ], [ 77.6321265, 12.9938672 ], [ 77.631147, 12.9940196 ], [ 77.6294162, 12.994324 ], [ 77.62868, 12.9944063 ], [ 77.6281523, 12.9945149 ], [ 77.6275934, 12.9946841 ], [ 77.6271983, 12.9947411 ], [ 77.626288, 12.9950466 ], [ 77.6249039, 12.9956396 ], [ 77.6244857, 12.9959086 ], [ 77.6239621, 12.9963557 ], [ 77.6234599, 12.9968326 ], [ 77.6238622, 12.9964979 ], [ 77.6240597, 12.9967729 ], [ 77.6238072, 12.996997 ], [ 77.6237864, 12.9970419 ], [ 77.6244239, 12.9964406 ] ] ] } },
{ "type": "Feature", "properties": { "object_uuid": "894ce66f-c86f-4a0f-91e1-c2edc53ebc95", "Category": "Road", "bhucode": "200101004046", "Kharab": "ROAD", "data_source_type": "CADASTRAL_KML", "legal_status": "UNVERIFIED" }, "geometry": { "type": "Polygon", "coordinates": [ [ [ 77.6276126, 12.9937726 ], [ 77.6265105, 12.9937546 ], [ 77.6259176, 12.9936962 ], [ 77.6253525, 12.9936006 ], [ 77.6247141, 12.9933573 ], [ 77.6247084, 12.9934983 ], [ 77.6249289, 12.9935294 ], [ 77.6253517, 12.9936841 ], [ 77.625957, 12.9937782 ], [ 77.626483300000018, 12.9938111 ], [ 77.627612, 12.9938442 ], [ 77.6276126, 12.9937726 ] ] ] } },
{ "type": "Feature", "properties": { "object_uuid": "53c2e5f3-73bd-4586-9ce3-e2d695a841f2", "Category": "Settlement", "bhucode": "200101004046", "Kharab": "MAJARE_JEEVANAHALLI", "data_source_type": "CADASTRAL_KML", "legal_status": "UNVERIFIED" }, "geometry": { "type": "Polygon", "coordinates": [ [ [ 77.6287783, 12.9966757 ], [ 77.6291889, 12.9964803 ], [ 77.6295729, 12.9962731 ], [ 77.6292116, 12.9957329 ], [ 77.6289584, 12.9954134 ], [ 77.6288684, 12.9953709 ], [ 77.6283895, 12.9953606 ], [ 77.6282308, 12.9950912 ], [ 77.6278385, 12.9950481 ], [ 77.6278509, 12.9949311 ], [ 77.6273376, 12.9950373 ], [ 77.6273614, 12.9952161 ], [ 77.6272998, 12.995576 ], [ 77.6272731, 12.9962658 ], [ 77.6276437, 12.9964451 ], [ 77.627633, 12.9966029 ], [ 77.6287783, 12.9966757 ] ] ] } },
{ "type": "Feature", "properties": { "object_uuid": "c6e6d759-aeae-458c-87ac-0079140c94ec", "Category": "Road", "bhucode": "200101004046", "Kharab": "ROAD", "data_source_type": "CADASTRAL_KML", "legal_status": "UNVERIFIED" }, "geometry": { "type": "Polygon", "coordinates": [ [ [ 77.6292779, 12.9947111 ], [ 77.6291633, 12.9947788 ], [ 77.6288684, 12.9953709 ], [ 77.6289584, 12.9954134 ], [ 77.6292779, 12.9947111 ] ] ] } },
{ "type": "Feature", "properties": { "object_uuid": "8b7c8563-eaf7-48fe-b1f1-5146cc85568e", "Category": "Rail", "bhucode": "200101004022", "Kharab": "RAILWAY", "data_source_type": "CADASTRAL_KML", "legal_status": "UNVERIFIED" }, "geometry": { "type": "Polygon", "coordinates": [ [ [ 77.6299226, 12.9946833 ], [ 77.6305152, 12.9945932 ], [ 77.6307245, 12.9945613 ], [ 77.630665, 12.9944572 ], [ 77.6298946, 12.9946045 ], [ 77.6299226, 12.9946833 ] ] ] } },
{ "type": "Feature", "properties": { "object_uuid": "37d4b92f-520a-40de-8f45-f13772f9b282", "Category": "Tank", "bhucode": "200101004022", "Kharab": "TANK", "data_source_type": "CADASTRAL_KML", "legal_status": "UNVERIFIED" }, "geometry": { "type": "Polygon", "coordinates": [ [ [ 77.6301615, 12.994647 ], [ 77.6301816, 12.9947504 ], [ 77.6302151, 12.9947856 ], [ 77.6304851, 12.9947543 ], [ 77.630515100000011, 12.9947398 ], [ 77.6305269, 12.9947087 ], [ 77.6305152, 12.9945932 ], [ 77.6301615, 12.994647 ] ] ] } },
{ "type": "Feature", "properties": { "object_uuid": "9d1b7f89-9785-49a9-b521-1b98383c8374", "Category": "Stream", "bhucode": "200101004022", "Kharab": "STREAM", "data_source_type": "CADASTRAL_KML", "legal_status": "UNVERIFIED" }, "geometry": { "type": "Polygon", "coordinates": [ [ [ 77.6309485, 12.9946887 ], [ 77.6309039, 12.994523 ], [ 77.6307245, 12.9945613 ], [ 77.6309428, 12.9950844 ], [ 77.63101020000002, 12.9950888 ], [ 77.6311002, 12.9950715 ], [ 77.6309485, 12.9946887 ] ] ] } },
{ "type": "Feature", "properties": { "object_uuid": "0744d79b-72dd-4d5e-804a-1ada1955c9dd", "Category": "Stream", "bhucode": "200101004046", "Kharab": "STREAM", "data_source_type": "CADASTRAL_KML", "legal_status": "UNVERIFIED" }, "geometry": { "type": "Polygon", "coordinates": [ [ [ 77.6125557, 12.9996106 ], [ 77.6130709, 12.9993536 ], [ 77.6133243, 12.9992531 ], [ 77.6149131, 12.9980959 ], [ 77.6150097, 12.998053 ], [ 77.6151328, 12.9978996 ], [ 77.6155084, 12.9976641 ], [ 77.6157387, 12.9975385 ], [ 77.6159622, 12.9981678 ], [ 77.6162464, 12.9983077 ], [ 77.6162765, 12.9983385 ], [ 77.6164049, 12.9986512 ], [ 77.6164672, 12.9983583 ], [ 77.6167907, 12.9983276 ], [ 77.616853, 12.9983799 ], [ 77.6170978, 12.9983839 ], [ 77.6174593, 12.9985145 ], [ 77.6175343, 12.9983744 ], [ 77.6169025, 12.998208 ], [ 77.6169132, 12.9976031 ], [ 77.6168938, 12.9976056 ], [ 77.6168782, 12.9975301 ], [ 77.6167929, 12.997556 ], [ 77.6168, 12.9978756 ], [ 77.6166365, 12.9981054 ], [ 77.6160713, 12.9979558 ], [ 77.6160725, 12.9977747 ], [ 77.6159372, 12.997476 ], [ 77.6156134, 12.9966052 ], [ 77.6156668, 12.9965932 ], [ 77.6156174, 12.9964243 ], [ 77.6157098, 12.9957382 ], [ 77.6150846, 12.9947545 ], [ 77.6149617, 12.9948279 ], [ 77.6154752, 12.9956781 ], [ 77.615587800000014, 12.9958275 ], [ 77.6155167, 12.9960319 ], [ 77.615328, 12.9963711 ], [ 77.6154859, 12.9967603 ], [ 77.6156866, 12.9973916 ], [ 77.6149661, 12.997791 ], [ 77.6148629, 12.9979072 ], [ 77.6144912, 12.998204 ], [ 77.6134139, 12.9989578 ], [ 77.6130627, 12.9991817 ], [ 77.6125003, 12.9994154 ], [ 77.6125557, 12.9996106 ] ] ] } },
{ "type": "Feature", "properties": { "object_uuid": "a25dba95-10d5-4e1d-8a8a-0e6215602674", "Category": "Road", "bhucode": "200101004002", "Kharab": "ROAD", "data_source_type": "CADASTRAL_KML", "legal_status": "UNVERIFIED" }, "geometry": { "type": "Polygon", "coordinates": [ [ [ 77.598685, 12.9619424 ], [ 77.599216, 12.96187 ], [ 77.6001902, 12.9629959 ], [ 77.6005678, 12.9628687 ], [ 77.5994062, 12.9618011 ], [ 77.6008323, 12.9612186 ], [ 77.6020689, 12.9603522 ], [ 77.6019987, 12.9624981 ], [ 77.602206, 12.9624467 ], [ 77.6022461, 12.960262 ], [ 77.6029796, 12.9599834 ], [ 77.603965, 12.9595073 ], [ 77.6045852, 12.9592992 ], [ 77.6051893, 12.9586655 ], [ 77.6060485, 12.9583887 ], [ 77.6061364, 12.9591492 ], [ 77.60649380000001, 12.9593139 ], [ 77.606129, 12.9582358 ], [ 77.6061981, 12.9575539 ], [ 77.6050877, 12.9521224 ], [ 77.6053019, 12.9514923 ], [ 77.6055592, 12.9508562 ], [ 77.6052993, 12.9509113 ], [ 77.6051868, 12.9513488 ], [ 77.604908100000017, 12.9519347 ], [ 77.6049814, 12.9526371 ], [ 77.6042538, 12.9521852 ], [ 77.6037328, 12.9514289 ], [ 77.6035806, 12.9515559 ], [ 77.6038384, 12.9518473 ], [ 77.6040737, 12.9522509 ], [ 77.6049888, 12.9528281 ], [ 77.6052403, 12.9542448 ], [ 77.605321, 12.9548107 ], [ 77.6058364, 12.9571569 ], [ 77.6060241, 12.9576641 ], [ 77.6059408, 12.9580261 ], [ 77.6057389, 12.9583152 ], [ 77.605337700000021, 12.9584789 ], [ 77.6047531, 12.9586815 ], [ 77.6048099, 12.9588041 ], [ 77.6044002, 12.9591392 ], [ 77.6039026, 12.9594165 ], [ 77.6033382, 12.9596241 ], [ 77.602116400000014, 12.9599223 ], [ 77.601052, 12.9608145 ], [ 77.6006776, 12.9609847 ], [ 77.6001765, 12.9612704 ], [ 77.5995631, 12.9615251 ], [ 77.599044, 12.961595 ], [ 77.598599, 12.9617138 ], [ 77.5977427, 12.9620588 ], [ 77.596503, 12.9622249 ], [ 77.595765, 12.962247 ], [ 77.594713, 12.9622454 ], [ 77.5941178, 12.9620942 ], [ 77.5940929, 12.9622488 ], [ 77.5947292, 12.9624137 ], [ 77.5953032, 12.9627661 ], [ 77.5961518, 12.9635106 ], [ 77.596244900000016, 12.9634628 ], [ 77.596417300000013, 12.9633217 ], [ 77.5963431, 12.9628826 ], [ 77.5961492, 12.9624936 ], [ 77.5979234, 12.9622373 ], [ 77.598685, 12.9619424 ] ] ] } },
{ "type": "Feature", "properties": { "object_uuid": "51c925e0-3558-47fe-a3e2-e6f6506af515", "Category": "Tank", "bhucode": "200401003009", "Kharab": "TANK", "data_source_type": "CADASTRAL_KML", "legal_status": "UNVERIFIED" }, "geometry": { "type": "Polygon", "coordinates": [ [ [ 77.650884, 12.9517244 ], [ 77.6515724, 12.9519543 ], [ 77.6521901, 12.951606 ], [ 77.6517587, 12.9514477 ], [ 77.6516298, 12.9513342 ], [ 77.6496568, 12.9494737 ], [ 77.6493647, 12.9489677 ], [ 77.648951, 12.9475218 ], [ 77.649373, 12.9471735 ], [ 77.6495161, 12.9470856 ], [ 77.6494014, 12.9467325 ], [ 77.6493788, 12.9461975 ], [ 77.6493481, 12.946042 ], [ 77.649264, 12.9460275 ], [ 77.6485343, 12.946685 ], [ 77.6483795, 12.9468714 ], [ 77.6474196, 12.947495 ], [ 77.6465038, 12.9479483 ], [ 77.6454735, 12.9494379 ], [ 77.6448695, 12.9504831 ], [ 77.6443688, 12.9532952 ], [ 77.643283, 12.953712 ], [ 77.6423958, 12.953885 ], [ 77.642388, 12.9539203 ], [ 77.6433734, 12.9543671 ], [ 77.6438372, 12.9561531 ], [ 77.6448186, 12.9557064 ], [ 77.6460068, 12.9552077 ], [ 77.6479139, 12.9543182 ], [ 77.6477691, 12.9539093 ], [ 77.6488078, 12.9528784 ], [ 77.650884, 12.9517244 ] ] ] } },
{ "type": "Feature", "properties": { "object_uuid": "505f46a2-9ebb-43a6-932c-a2697e0cfe50", "Category": "Road", "bhucode": "200401003028", "Kharab": "ROAD", "data_source_type": "CADASTRAL_KML", "legal_status": "UNVERIFIED" }, "geometry": { "type": "Polygon", "coordinates": [ [ [ 77.6544796, 12.9559956 ], [ 77.6543989, 12.955463 ], [ 77.6542196, 12.9551801 ], [ 77.6538015, 12.9540612 ], [ 77.6540294, 12.9539432 ], [ 77.6537348, 12.9532544 ], [ 77.6538309, 12.953193 ], [ 77.6538071, 12.9531191 ], [ 77.6536018, 12.9532325 ], [ 77.6538565, 12.953944 ], [ 77.6536408, 12.9540399 ], [ 77.6543444, 12.9558735 ], [ 77.6544796, 12.9559956 ] ] ] } },
{ "type": "Feature", "properties": { "object_uuid": "92532ffb-200f-42fe-aa54-09d5b96296c4", "Category": "Stream", "bhucode": "200401003029", "Kharab": "STREAM", "data_source_type": "CADASTRAL_KML", "legal_status": "UNVERIFIED" }, "geometry": { "type": "Polygon", "coordinates": [ [ [ 77.6597561, 12.9559375 ], [ 77.6594612, 12.9561127 ], [ 77.6596089, 12.9567029 ], [ 77.6599016, 12.9566621 ], [ 77.6597561, 12.9559375 ] ] ] } },
{ "type": "Feature", "properties": { "object_uuid": "3de66527-2fa8-4c21-8b9f-e1090dc7a72b", "Category": "Tank", "bhucode": "200401003029", "Kharab": "TANK", "data_source_type": "CADASTRAL_KML", "legal_status": "UNVERIFIED" }, "geometry": { "type": "Polygon", "coordinates": [ [ [ 77.6585951, 12.9589631 ], [ 77.658741400000011, 12.9588531 ], [ 77.6590707, 12.9585619 ], [ 77.6589945, 12.9579831 ], [ 77.6589602, 12.9578215 ], [ 77.6592147, 12.9577575 ], [ 77.6591152, 12.9573823 ], [ 77.6591849, 12.9568995 ], [ 77.6594413, 12.9568433 ], [ 77.6594598, 12.9567341 ], [ 77.6596089, 12.9567029 ], [ 77.6595105, 12.9563255 ], [ 77.6587978, 12.9563172 ], [ 77.6578951, 12.9565313 ], [ 77.6560544, 12.9566798 ], [ 77.6565088, 12.9575722 ], [ 77.6565552, 12.9576049 ], [ 77.657367, 12.9591777 ], [ 77.6585951, 12.9589631 ] ] ] } },
{ "type": "Feature", "properties": { "object_uuid": "56b23723-5f3a-46a1-bca8-a2e42b51c6b6", "Category": "Tank", "bhucode": "200401003028", "Kharab": "TANK", "data_source_type": "CADASTRAL_KML", "legal_status": "UNVERIFIED" }, "geometry": { "type": "Polygon", "coordinates": [ [ [ 77.6565088, 12.9575722 ], [ 77.6560544, 12.9566798 ], [ 77.6550727, 12.9567171 ], [ 77.6552565, 12.9568366 ], [ 77.6556104, 12.9570241 ], [ 77.6556664, 12.9571638 ], [ 77.6558633, 12.957253 ], [ 77.6560137, 12.9574853 ], [ 77.6565088, 12.9575722 ] ] ] } },
{ "type": "Feature", "properties": { "object_uuid": "77ccd528-fdbd-4e9e-a76c-0406e8c4472c", "Category": "Road", "bhucode": "200401003029", "Kharab": "ROAD", "data_source_type": "CADASTRAL_KML", "legal_status": "UNVERIFIED" }, "geometry": { "type": "Polygon", "coordinates": [ [ [ 77.6619661, 12.9583689 ], [ 77.6619053, 12.9581773 ], [ 77.661988800000017, 12.9581657 ], [ 77.6618954, 12.9576236 ], [ 77.661942600000017, 12.9573048 ], [ 77.6618784, 12.9571112 ], [ 77.6619238, 12.9558098 ], [ 77.6617796, 12.9559343 ], [ 77.6617609, 12.9567874 ], [ 77.6617183, 12.9571388 ], [ 77.6618244, 12.9574232 ], [ 77.6617989, 12.9577346 ], [ 77.661839, 12.9579743 ], [ 77.661839300000011, 12.9581042 ], [ 77.6617795, 12.9583708 ], [ 77.6619661, 12.9583689 ] ] ] } },
{ "type": "Feature", "properties": { "object_uuid": "cf2e1704-d123-470f-b82d-eec6153b571e", "Category": "Settlement", "bhucode": "200401003029", "Kharab": "SETTLEMENT", "data_source_type": "CADASTRAL_KML", "legal_status": "UNVERIFIED" }, "geometry": { "type": "Polygon", "coordinates": [ [ [ 77.6623693, 12.9590938 ], [ 77.6623436, 12.9588087 ], [ 77.662418400000021, 12.9587228 ], [ 77.6623725, 12.9583926 ], [ 77.6619661, 12.9583689 ], [ 77.6612665, 12.9583679 ], [ 77.6612206, 12.9585205 ], [ 77.6613456, 12.9585781 ], [ 77.6613219, 12.959014 ], [ 77.6613467, 12.9591726 ], [ 77.6623693, 12.9590938 ] ] ] } },
{ "type": "Feature", "properties": { "object_uuid": "01ec9075-6a74-4dfd-9b27-552fe4065197", "Category": "Tank", "bhucode": "200401003028", "Kharab": "TANK", "data_source_type": "CADASTRAL_KML", "legal_status": "UNVERIFIED" }, "geometry": { "type": "Polygon", "coordinates": [ [ [ 77.6462151, 12.9562701 ], [ 77.646632, 12.9560125 ], [ 77.6464752, 12.9558754 ], [ 77.6464473, 12.9555287 ], [ 77.6465369, 12.9554594 ], [ 77.6473557, 12.9554695 ], [ 77.6475245, 12.9547278 ], [ 77.6476531, 12.9545445 ], [ 77.6479139, 12.9543182 ], [ 77.6460068, 12.9552077 ], [ 77.6448186, 12.9557064 ], [ 77.6438372, 12.9561531 ], [ 77.6436837, 12.9567978 ], [ 77.6440476, 12.9567374 ], [ 77.6445628, 12.9567316 ], [ 77.6447518, 12.9571642 ], [ 77.645008800000014, 12.9571553 ], [ 77.6456649, 12.9568493 ], [ 77.6462151, 12.9562701 ] ] ] } },
{ "type": "Feature", "properties": { "object_uuid": "c1339237-d910-454d-a133-effd54d0a7e5", "Category": "Stream", "bhucode": "200401003028", "Kharab": "STREAM", "data_source_type": "CADASTRAL_KML", "legal_status": "UNVERIFIED" }, "geometry": { "type": "Polygon", "coordinates": [ [ [ 77.6445611, 12.9579065 ], [ 77.6451314, 12.9575067 ], [ 77.645008800000014, 12.9571553 ], [ 77.6447518, 12.9571642 ], [ 77.6448356, 12.957473 ], [ 77.644386, 12.9577205 ], [ 77.6445611, 12.9579065 ] ] ] } },
{ "type": "Feature", "properties": { "object_uuid": "54a7fcaa-43b2-49b4-902a-ab890c8d2a06", "Category": "Stream", "bhucode": "200101004023", "Kharab": "STREAM", "data_source_type": "CADASTRAL_KML", "legal_status": "UNVERIFIED" }, "geometry": { "type": "Polygon", "coordinates": [ [ [ 77.6411118, 12.9573219 ], [ 77.6413079, 12.9573314 ], [ 77.641504, 12.9573127 ], [ 77.6415188, 12.9572491 ], [ 77.6412195, 12.9572496 ], [ 77.6409392, 12.9572144 ], [ 77.6407101, 12.9572339 ], [ 77.640637, 12.9572557 ], [ 77.6406664, 12.9573279 ], [ 77.6408126, 12.9573211 ], [ 77.6409471, 12.9573469 ], [ 77.6411118, 12.9573219 ] ] ] } },
{ "type": "Feature", "properties": { "object_uuid": "35d0041f-d9ee-4c9e-b4f3-430764d96b43", "Category": "Stream", "bhucode": "200101004023", "Kharab": "STREAM", "data_source_type": "CADASTRAL_KML", "legal_status": "UNVERIFIED" }, "geometry": { "type": "Polygon", "coordinates": [ [ [ 77.6417961, 12.9574095 ], [ 77.6417426, 12.9573371 ], [ 77.6416964, 12.9573007 ], [ 77.6415188, 12.9572491 ], [ 77.641504, 12.9573127 ], [ 77.6415965, 12.957328 ], [ 77.6416468, 12.9573932 ], [ 77.6417961, 12.9574095 ] ] ] } },
{ "type": "Feature", "properties": { "object_uuid": "6b87e97b-28bf-4b7f-8155-1fa927fb0ca4", "Category": "Stream", "bhucode": "200401003028", "Kharab": "STREAM", "data_source_type": "CADASTRAL_KML", "legal_status": "UNVERIFIED" }, "geometry": { "type": "Polygon", "coordinates": [ [ [ 77.6438568, 12.9580397 ], [ 77.6439787, 12.9581412 ], [ 77.6440839, 12.9581388 ], [ 77.6441792, 12.9580751 ], [ 77.6443126, 12.9581014 ], [ 77.644384, 12.9580657 ], [ 77.6444425, 12.9580175 ], [ 77.6444851, 12.9579537 ], [ 77.6445611, 12.9579065 ], [ 77.644386, 12.9577205 ], [ 77.644204300000013, 12.9579235 ], [ 77.6437969, 12.9579469 ], [ 77.6438568, 12.9580397 ] ] ] } }
]
}
